path	compile_rc	has_main	run_rc	norm_sha1	itrs
collab/bend2-interactive-cubical/applypath.bend	0	1	0	be95dfc69d1b1f4c79373a5f587fe23c5572fe6e	0
collab/bend2-interactive-cubical/applypath_bwd.bend	0	1	0	be95dfc69d1b1f4c79373a5f587fe23c5572fe6e	0
collab/bend2-interactive-cubical/bench_iso_neg16_sep.bend	0	1	0	fe2567228a756e4dfd6f64ae3bb3b17e735ea1a7	90
collab/bend2-interactive-cubical/bench_iso_neg16_sup.bend	0	1	0	fe2567228a756e4dfd6f64ae3bb3b17e735ea1a7	149
collab/bend2-interactive-cubical/bench_iso_neg4_sep.bend	0	1	0	fe2567228a756e4dfd6f64ae3bb3b17e735ea1a7	22
collab/bend2-interactive-cubical/bench_iso_neg4_sup.bend	0	1	0	fe2567228a756e4dfd6f64ae3bb3b17e735ea1a7	37
collab/bend2-interactive-cubical/bench_iso_neg_sep.bend	0	1	0	2daaedce1fc6385d894c62bdc92962c235f49d69	5
collab/bend2-interactive-cubical/bench_iso_neg_sup.bend	0	1	0	2daaedce1fc6385d894c62bdc92962c235f49d69	9
collab/bend2-interactive-cubical/bench_same2_sep.bend	0	1	0	2daaedce1fc6385d894c62bdc92962c235f49d69	284
collab/bend2-interactive-cubical/bench_same2_sup.bend	0	1	0	2daaedce1fc6385d894c62bdc92962c235f49d69	185
collab/bend2-interactive-cubical/bench_same4_sep.bend	0	1	0	c01e0fee20cf115b0639cd3c6a5736738d16c50c	568
collab/bend2-interactive-cubical/bench_same4_sup.bend	0	1	0	c01e0fee20cf115b0639cd3c6a5736738d16c50c	262
collab/bend2-interactive-cubical/bench_same8_sep.bend	0	1	0	2123ee237fd2dc1526ab2b2fcbc2b6d59f13d7c4	1136
collab/bend2-interactive-cubical/bench_same8_sup.bend	0	1	0	2123ee237fd2dc1526ab2b2fcbc2b6d59f13d7c4	416
collab/bend2-interactive-cubical/bench_separate.bend	0	1	0	235474ca114ed9048d683ba8412e45861cf83073	2320
collab/bend2-interactive-cubical/bench_sepline.bend	0	1	0	8ee0836fcbf5117cd001fcc40ac02f8799735205	322
collab/bend2-interactive-cubical/bench_shared.bend	0	1	0	235474ca114ed9048d683ba8412e45861cf83073	236
collab/bend2-interactive-cubical/bench_supline.bend	0	1	0	8ee0836fcbf5117cd001fcc40ac02f8799735205	478
collab/bend2-interactive-cubical/braid.bend	0	1	0	09d2af8dd22201dd8d48e5dcfcaed281ff9422c7	78
collab/bend2-interactive-cubical/census/census.bend	0	1	0	bc16bd3d19bf1117ac67ac1e1273e3549d8c5c39	261932
collab/bend2-interactive-cubical/census/census_corpus.bend	0	1	0	7f07d806abfea6d26bb01088444762029cbfad31	11111402
collab/bend2-interactive-cubical/chain.bend	0	1	0	09d2af8dd22201dd8d48e5dcfcaed281ff9422c7	1470
collab/bend2-interactive-cubical/circle.bend	0	1	0	e5fa44f2b31c1fb553b6021e7360d07d5d91ff5e	14
collab/bend2-interactive-cubical/circle_mustfail.bend	0	0	-	-	-
collab/bend2-interactive-cubical/coeprobe.bend	0	1	0	be95dfc69d1b1f4c79373a5f587fe23c5572fe6e	0
collab/bend2-interactive-cubical/coinduction.bend	0	1	0	889bac3173723da4dc57b5f5cf779d133dc130b0	257
collab/bend2-interactive-cubical/coinduction_mustfail.bend	137	0	-	-	-
collab/bend2-interactive-cubical/comp.bend	0	0	-	-	-
collab/bend2-interactive-cubical/conductive_dependent_map_smoke.bend	0	1	0	94742c2507ce6923afabf4ac6321beb067f596cf	0
collab/bend2-interactive-cubical/conductive_entry_smoke.bend	0	1	0	945d4bf042930911d39fbc03baef86fb50f8ab0e	1
collab/bend2-interactive-cubical/conductive_map_smoke.bend	0	1	0	4c05106daa009eab1bcdd32f55f4be64d76e1562	0
collab/bend2-interactive-cubical/corpus_calculus.bend	0	1	0	be95dfc69d1b1f4c79373a5f587fe23c5572fe6e	0
collab/bend2-interactive-cubical/corpus_lossless.bend	0	1	0	be95dfc69d1b1f4c79373a5f587fe23c5572fe6e	0
collab/bend2-interactive-cubical/cubical_test.bend	0	1	0	be95dfc69d1b1f4c79373a5f587fe23c5572fe6e	0
collab/bend2-interactive-cubical/cubical_test2.bend	0	1	0	be95dfc69d1b1f4c79373a5f587fe23c5572fe6e	0
collab/bend2-interactive-cubical/cubical_test3.bend	0	1	0	be95dfc69d1b1f4c79373a5f587fe23c5572fe6e	0
collab/bend2-interactive-cubical/cubical_test4.bend	0	1	0	be95dfc69d1b1f4c79373a5f587fe23c5572fe6e	0
collab/bend2-interactive-cubical/cubical_test5.bend	0	1	0	be95dfc69d1b1f4c79373a5f587fe23c5572fe6e	0
collab/bend2-interactive-cubical/effective.bend	0	1	0	be95dfc69d1b1f4c79373a5f587fe23c5572fe6e	0
collab/bend2-interactive-cubical/elucidator.bend	1	0	-	-	-
collab/bend2-interactive-cubical/equiv.bend	0	1	0	be95dfc69d1b1f4c79373a5f587fe23c5572fe6e	0
collab/bend2-interactive-cubical/erasure.bend	0	1	0	be95dfc69d1b1f4c79373a5f587fe23c5572fe6e	0
collab/bend2-interactive-cubical/erdos1/Problem1Coalgebra.bend	1	0	-	-	-
collab/bend2-interactive-cubical/erdos1/Problem1Computable.bend	0	1	0	09d2af8dd22201dd8d48e5dcfcaed281ff9422c7	533
collab/bend2-interactive-cubical/erdos1/Problem1Demand.bend	0	1	0	09d2af8dd22201dd8d48e5dcfcaed281ff9422c7	243
collab/bend2-interactive-cubical/erdos1/Problem1Statement.bend	0	1	0	dbdeb67c6c507310378fad26c1f8581f9a403753	95
collab/bend2-interactive-cubical/erdos1/Problem1Types.bend	0	1	0	dbdeb67c6c507310378fad26c1f8581f9a403753	95
collab/bend2-interactive-cubical/fibrelaw.bend	0	1	0	09d2af8dd22201dd8d48e5dcfcaed281ff9422c7	229
collab/bend2-interactive-cubical/forced.bend	0	0	-	-	-
collab/bend2-interactive-cubical/forcing.bend	0	0	-	-	-
collab/bend2-interactive-cubical/forcing_run.bend	0	1	0	09d2af8dd22201dd8d48e5dcfcaed281ff9422c7	191
collab/bend2-interactive-cubical/fpp_fromPathP.bend	0	1	0	be95dfc69d1b1f4c79373a5f587fe23c5572fe6e	0
collab/bend2-interactive-cubical/glue.bend	0	1	0	be95dfc69d1b1f4c79373a5f587fe23c5572fe6e	0
collab/bend2-interactive-cubical/glue_kan.bend	0	0	-	-	-
collab/bend2-interactive-cubical/glue_mustfail.bend	0	1	0	be95dfc69d1b1f4c79373a5f587fe23c5572fe6e	0
collab/bend2-interactive-cubical/hcompfaces.bend	0	1	0	be95dfc69d1b1f4c79373a5f587fe23c5572fe6e	0
collab/bend2-interactive-cubical/hcompset.bend	0	1	0	09d2af8dd22201dd8d48e5dcfcaed281ff9422c7	2554
collab/bend2-interactive-cubical/hfill.bend	0	1	0	be95dfc69d1b1f4c79373a5f587fe23c5572fe6e	0
collab/bend2-interactive-cubical/hit_circle.bend	0	1	0	e5fa44f2b31c1fb553b6021e7360d07d5d91ff5e	20
collab/bend2-interactive-cubical/hit_circle_mustfail.bend	0	0	-	-	-
collab/bend2-interactive-cubical/hit_circle_suite.bend	0	1	0	e5fa44f2b31c1fb553b6021e7360d07d5d91ff5e	22
collab/bend2-interactive-cubical/hit_effective_suite.bend	0	1	0	be95dfc69d1b1f4c79373a5f587fe23c5572fe6e	0
collab/bend2-interactive-cubical/hit_hcomp.bend	0	1	0	e5fa44f2b31c1fb553b6021e7360d07d5d91ff5e	61
collab/bend2-interactive-cubical/hit_indexed.bend	0	1	0	945d4bf042930911d39fbc03baef86fb50f8ab0e	53
collab/bend2-interactive-cubical/hit_interval.bend	0	1	0	e5fa44f2b31c1fb553b6021e7360d07d5d91ff5e	19
collab/bend2-interactive-cubical/hit_klein.bend	0	1	0	be95dfc69d1b1f4c79373a5f587fe23c5572fe6e	0
collab/bend2-interactive-cubical/hit_mustfail.bend	0	0	-	-	-
collab/bend2-interactive-cubical/hit_ntrunc.bend	0	1	0	be95dfc69d1b1f4c79373a5f587fe23c5572fe6e	0
collab/bend2-interactive-cubical/hit_pushout.bend	0	1	0	be95dfc69d1b1f4c79373a5f587fe23c5572fe6e	0
collab/bend2-interactive-cubical/hit_quot.bend	0	1	0	be95dfc69d1b1f4c79373a5f587fe23c5572fe6e	0
collab/bend2-interactive-cubical/hit_quotient_suite.bend	0	1	0	be95dfc69d1b1f4c79373a5f587fe23c5572fe6e	0
collab/bend2-interactive-cubical/hit_settrunc.bend	0	1	0	be95dfc69d1b1f4c79373a5f587fe23c5572fe6e	0
collab/bend2-interactive-cubical/hit_sn.bend	0	1	0	be95dfc69d1b1f4c79373a5f587fe23c5572fe6e	0
collab/bend2-interactive-cubical/hit_susp.bend	0	1	0	be95dfc69d1b1f4c79373a5f587fe23c5572fe6e	0
collab/bend2-interactive-cubical/hit_test.bend	1	0	-	-	-
collab/bend2-interactive-cubical/hit_torus.bend	0	1	0	be95dfc69d1b1f4c79373a5f587fe23c5572fe6e	0
collab/bend2-interactive-cubical/hit_tree.bend	0	1	0	1457f6b65d6b83af3c2052c2805d1f831d0a139d	324
collab/bend2-interactive-cubical/hit_trunc.bend	0	1	0	94967645390e983f5a28b9d8bb9d315d9b0bf5e0	21
collab/bend2-interactive-cubical/hit_truncation_suite.bend	0	1	0	851203ba34738edb8e493aae6ae8adf101c01eaa	18
collab/bend2-interactive-cubical/hp_lattice.bend	0	1	0	be95dfc69d1b1f4c79373a5f587fe23c5572fe6e	0
collab/bend2-interactive-cubical/hprop.bend	0	1	0	be95dfc69d1b1f4c79373a5f587fe23c5572fe6e	0
collab/bend2-interactive-cubical/hset.bend	0	1	0	be95dfc69d1b1f4c79373a5f587fe23c5572fe6e	0
collab/bend2-interactive-cubical/i64_emit.bend	1	0	-	-	-
collab/bend2-interactive-cubical/interaction.bend	0	1	0	889bac3173723da4dc57b5f5cf779d133dc130b0	106
collab/bend2-interactive-cubical/interval.bend	0	1	0	be95dfc69d1b1f4c79373a5f587fe23c5572fe6e	0
collab/bend2-interactive-cubical/isprop.bend	0	1	0	be95dfc69d1b1f4c79373a5f587fe23c5572fe6e	0
collab/bend2-interactive-cubical/isprop_run.bend	0	1	0	851203ba34738edb8e493aae6ae8adf101c01eaa	155
collab/bend2-interactive-cubical/kan.bend	0	0	-	-	-
collab/bend2-interactive-cubical/kan_mustfail.bend	0	0	-	-	-
collab/bend2-interactive-cubical/loop.bend	0	1	0	be95dfc69d1b1f4c79373a5f587fe23c5572fe6e	0
collab/bend2-interactive-cubical/mining/MiningClaim.bend	1	0	-	-	-
collab/bend2-interactive-cubical/mining/MiningSha256.bend	1	0	-	-	-
collab/bend2-interactive-cubical/minmachine.bend	0	1	0	e5fa44f2b31c1fb553b6021e7360d07d5d91ff5e	24
collab/bend2-interactive-cubical/native_step_smoke.bend	0	1	0	945d4bf042930911d39fbc03baef86fb50f8ab0e	1
collab/bend2-interactive-cubical/nerode_effective.bend	0	1	0	be95dfc69d1b1f4c79373a5f587fe23c5572fe6e	0
collab/bend2-interactive-cubical/nerode_effective_closed.bend	0	1	0	be95dfc69d1b1f4c79373a5f587fe23c5572fe6e	0
collab/bend2-interactive-cubical/partial.bend	0	1	0	09d2af8dd22201dd8d48e5dcfcaed281ff9422c7	12
collab/bend2-interactive-cubical/partial_mustfail.bend	0	0	-	-	-
collab/bend2-interactive-cubical/path_transport.bend	0	1	0	09d2af8dd22201dd8d48e5dcfcaed281ff9422c7	5450
collab/bend2-interactive-cubical/port/Carrier.bend	0	1	0	945d4bf042930911d39fbc03baef86fb50f8ab0e	216
collab/bend2-interactive-cubical/port/ClosedAdditionCostIsLinear.bend	0	1	0	1457f6b65d6b83af3c2052c2805d1f831d0a139d	310
collab/bend2-interactive-cubical/port/ConductiveRuntime.bend	0	1	0	945d4bf042930911d39fbc03baef86fb50f8ab0e	281
collab/bend2-interactive-cubical/port/CongruenceLiftsAreGradePreserving.bend	0	1	0	945d4bf042930911d39fbc03baef86fb50f8ab0e	116
collab/bend2-interactive-cubical/port/ControlledGrammar.bend	0	1	0	be95dfc69d1b1f4c79373a5f587fe23c5572fe6e	0
collab/bend2-interactive-cubical/port/DependentFibreCoalgebra.bend	0	1	0	945d4bf042930911d39fbc03baef86fb50f8ab0e	279
collab/bend2-interactive-cubical/port/DependentFibreElement.bend	0	0	-	-	-
collab/bend2-interactive-cubical/port/Effective.bend	0	1	0	be95dfc69d1b1f4c79373a5f587fe23c5572fe6e	0
collab/bend2-interactive-cubical/port/EveryDerivationIsInvertible.bend	0	1	0	be95dfc69d1b1f4c79373a5f587fe23c5572fe6e	0
collab/bend2-interactive-cubical/port/FibreCoalgebra.bend	0	1	0	945d4bf042930911d39fbc03baef86fb50f8ab0e	279
collab/bend2-interactive-cubical/port/FibreElement.bend	0	1	0	be95dfc69d1b1f4c79373a5f587fe23c5572fe6e	0
collab/bend2-interactive-cubical/port/ForgetfulCompressionPricesTheDrop.bend	0	1	0	1457f6b65d6b83af3c2052c2805d1f831d0a139d	93
collab/bend2-interactive-cubical/port/GenerativeKernel.bend	0	1	0	945d4bf042930911d39fbc03baef86fb50f8ab0e	50
collab/bend2-interactive-cubical/port/HLevelOfInteraction.bend	0	1	0	1457f6b65d6b83af3c2052c2805d1f831d0a139d	213
collab/bend2-interactive-cubical/port/HProp.bend	0	1	0	be95dfc69d1b1f4c79373a5f587fe23c5572fe6e	0
collab/bend2-interactive-cubical/port/MultiplicationUnfoldsInLinearPeels.bend	0	1	0	1457f6b65d6b83af3c2052c2805d1f831d0a139d	328
collab/bend2-interactive-cubical/port/MyhillNerodeMinimalMachine.bend	0	1	0	be95dfc69d1b1f4c79373a5f587fe23c5572fe6e	0
collab/bend2-interactive-cubical/port/NativeDerivation.bend	0	1	0	889bac3173723da4dc57b5f5cf779d133dc130b0	130
collab/bend2-interactive-cubical/port/Prashna.bend	0	1	0	1457f6b65d6b83af3c2052c2805d1f831d0a139d	31
collab/bend2-interactive-cubical/port/PreimageAlgebra.bend	0	1	0	e5fa44f2b31c1fb553b6021e7360d07d5d91ff5e	864
collab/bend2-interactive-cubical/port/Prelude.bend	0	1	0	be95dfc69d1b1f4c79373a5f587fe23c5572fe6e	0
collab/bend2-interactive-cubical/port/PvsNPGapLivesInTheForgetfulProjection.bend	0	1	0	1457f6b65d6b83af3c2052c2805d1f831d0a139d	93
collab/bend2-interactive-cubical/port/RewriteCertificate.bend	0	1	0	dbdeb67c6c507310378fad26c1f8581f9a403753	132
collab/bend2-interactive-cubical/port/RewriteCertificateMul.bend	0	1	0	769801bad91265983a3516277b3a5316d07cce31	217
collab/bend2-interactive-cubical/port/SchematicOperation.bend	0	1	0	945d4bf042930911d39fbc03baef86fb50f8ab0e	790
collab/bend2-interactive-cubical/port/SetQuotient.bend	0	1	0	be95dfc69d1b1f4c79373a5f587fe23c5572fe6e	0
collab/bend2-interactive-cubical/port/TheCompressionIsTheForgetfulProjection.bend	0	1	0	dbdeb67c6c507310378fad26c1f8581f9a403753	206
collab/bend2-interactive-cubical/port/UniversalDerivation.bend	0	0	-	-	-
collab/bend2-interactive-cubical/port/UniversalElucidator.bend	0	0	-	-	-
collab/bend2-interactive-cubical/port/UniversalMachine.bend	0	1	0	889bac3173723da4dc57b5f5cf779d133dc130b0	134
collab/bend2-interactive-cubical/port/UniversalPresentation.bend	0	1	0	945d4bf042930911d39fbc03baef86fb50f8ab0e	283
collab/bend2-interactive-cubical/port/WholeProcess.bend	0	1	0	945d4bf042930911d39fbc03baef86fb50f8ab0e	216
collab/bend2-interactive-cubical/port/WindingCostIsCarriedAndCompressionDropsIt.bend	0	1	0	1457f6b65d6b83af3c2052c2805d1f831d0a139d	138
collab/bend2-interactive-cubical/port/WindingCostIsUnarySize.bend	0	1	0	769801bad91265983a3516277b3a5316d07cce31	605
collab/bend2-interactive-cubical/pth2.bend	0	1	0	be95dfc69d1b1f4c79373a5f587fe23c5572fe6e	0
collab/bend2-interactive-cubical/quotient.bend	0	1	0	889bac3173723da4dc57b5f5cf779d133dc130b0	20
collab/bend2-interactive-cubical/quotient_mustfail.bend	0	1	0	be95dfc69d1b1f4c79373a5f587fe23c5572fe6e	0
collab/bend2-interactive-cubical/recon_bach.bend	0	1	0	be95dfc69d1b1f4c79373a5f587fe23c5572fe6e	0
collab/bend2-interactive-cubical/recon_fugue.bend	1	0	-	-	-
collab/bend2-interactive-cubical/regularity.bend	0	0	-	-	-
collab/bend2-interactive-cubical/roundtrip.bend	0	1	0	be95dfc69d1b1f4c79373a5f587fe23c5572fe6e	0
collab/bend2-interactive-cubical/run_corpus.bend	0	1	0	e60140ad7a33978d5ccb2bd6a50b297948cb182a	235
collab/bend2-interactive-cubical/setquotient_test.bend	1	0	-	-	-
collab/bend2-interactive-cubical/silence.bend	0	1	0	1457f6b65d6b83af3c2052c2805d1f831d0a139d	306
collab/bend2-interactive-cubical/silence_mustfail.bend	0	1	0	1457f6b65d6b83af3c2052c2805d1f831d0a139d	306
collab/bend2-interactive-cubical/streams.bend	137	0	-	-	-
collab/bend2-interactive-cubical/sub.bend	0	1	0	09d2af8dd22201dd8d48e5dcfcaed281ff9422c7	6
collab/bend2-interactive-cubical/sub_mustfail.bend	0	0	-	-	-
collab/bend2-interactive-cubical/supfugue.bend	1	0	-	-	-
collab/bend2-interactive-cubical/supline.bend	0	1	0	2daaedce1fc6385d894c62bdc92962c235f49d69	223
collab/bend2-interactive-cubical/t_bwd_id.bend	0	1	0	e5fa44f2b31c1fb553b6021e7360d07d5d91ff5e	53
collab/bend2-interactive-cubical/t_bwd_neg.bend	0	1	0	09d2af8dd22201dd8d48e5dcfcaed281ff9422c7	152
collab/bend2-interactive-cubical/t_fwd_id.bend	0	1	0	e5fa44f2b31c1fb553b6021e7360d07d5d91ff5e	52
collab/bend2-interactive-cubical/t_fwd_neg.bend	0	1	0	09d2af8dd22201dd8d48e5dcfcaed281ff9422c7	148
collab/bend2-interactive-cubical/transp.bend	0	1	0	09d2af8dd22201dd8d48e5dcfcaed281ff9422c7	185
collab/bend2-interactive-cubical/transp_mustfail.bend	0	0	-	-	-
collab/bend2-interactive-cubical/truncation.bend	0	1	0	851203ba34738edb8e493aae6ae8adf101c01eaa	9
collab/bend2-interactive-cubical/truncation_mustfail.bend	0	0	-	-	-
collab/bend2-interactive-cubical/uaagree.bend	0	1	0	be95dfc69d1b1f4c79373a5f587fe23c5572fe6e	0
collab/bend2-interactive-cubical/uaequiv.bend	0	1	0	be95dfc69d1b1f4c79373a5f587fe23c5572fe6e	0
collab/bend2-interactive-cubical/uaequiv_mustfail.bend	0	1	0	be95dfc69d1b1f4c79373a5f587fe23c5572fe6e	0
collab/bend2-interactive-cubical/uaglue.bend	0	1	0	09d2af8dd22201dd8d48e5dcfcaed281ff9422c7	1521
collab/bend2-interactive-cubical/uaglue_emit.bend	0	1	0	09d2af8dd22201dd8d48e5dcfcaed281ff9422c7	1530
collab/bend2-interactive-cubical/uaroundtrip.bend	0	1	0	be95dfc69d1b1f4c79373a5f587fe23c5572fe6e	0
collab/bend2-interactive-cubical/universal_presentation.bend	0	1	0	945d4bf042930911d39fbc03baef86fb50f8ab0e	283
collab/bend2-official-cubical/tests/cubical/coe.bend	1	0	-	-	-
collab/bend2-official-cubical/tests/cubical/compiled.bend	1	0	-	-	-
collab/bend2-official-cubical/tests/cubical/compiled_coe.bend	1	0	-	-	-
collab/bend2-official-cubical/tests/cubical/compiled_fibre.bend	1	0	-	-	-
collab/bend2-official-cubical/tests/cubical/compiled_path.bend	1	0	-	-	-
collab/bend2-official-cubical/tests/cubical/demorgan.bend	1	0	-	-	-
collab/bend2-official-cubical/tests/cubical/fibre.bend	1	0	-	-	-
collab/bend2-official-cubical/tests/cubical/funext.bend	1	0	-	-	-
collab/bend2-official-cubical/tests/cubical/hcomp.bend	1	0	-	-	-
collab/bend2-official-cubical/tests/cubical/hit_circle.bend	1	0	-	-	-
collab/bend2-official-cubical/tests/cubical/hit_mustfail_loop.bend	1	0	-	-	-
collab/bend2-official-cubical/tests/cubical/hit_quot.bend	1	0	-	-	-
collab/bend2-official-cubical/tests/cubical/hit_susp_torus.bend	1	0	-	-	-
collab/bend2-official-cubical/tests/cubical/hit_trunc.bend	1	0	-	-	-
collab/bend2-official-cubical/tests/cubical/issue_852.bend	1	0	-	-	-
collab/bend2-official-cubical/tests/cubical/issue_853.bend	1	0	-	-	-
collab/bend2-official-cubical/tests/cubical/issue_874.bend	1	0	-	-	-
collab/bend2-official-cubical/tests/cubical/issue_874_empty.bend	1	0	-	-	-
collab/bend2-official-cubical/tests/cubical/issue_874_false.bend	1	0	-	-	-
collab/bend2-official-cubical/tests/cubical/issue_874_poly.bend	1	0	-	-	-
collab/bend2-official-cubical/tests/cubical/issue_901.bend	1	0	-	-	-
collab/bend2-official-cubical/tests/cubical/issue_905.bend	1	0	-	-	-
collab/bend2-official-cubical/tests/cubical/j.bend	1	0	-	-	-
collab/bend2-official-cubical/tests/cubical/j_index.bend	1	0	-	-	-
collab/bend2-official-cubical/tests/cubical/must_fail_dead_coe.bend	1	0	-	-	-
collab/bend2-official-cubical/tests/cubical/must_fail_face.bend	1	0	-	-	-
collab/bend2-official-cubical/tests/cubical/positivity_mustfail.bend	1	0	-	-	-
collab/bend2-official-cubical/tests/cubical/proof_fn_copy.bend	1	0	-	-	-
collab/bend2-official-cubical/tests/cubical/proof_fn_kind.bend	1	0	-	-	-
collab/bend2-official-cubical/tests/cubical/stream.bend	1	0	-	-	-
collab/bend2-official-cubical/tests/cubical/stream_mustfail.bend	1	0	-	-	-
collab/bend2-official-cubical/tests/cubical/ua.bend	1	0	-	-	-
collab/bend2-official-cubical/tests/cubical/ua_round.bend	1	0	-	-	-
integration/bend2_unison/admission/fixtures/Imports/Library.bend	0	0	-	-	-
integration/bend2_unison/admission/fixtures/Imports/Main.bend	0	1	0	945d4bf042930911d39fbc03baef86fb50f8ab0e	0
integration/bend2_unison/storage/fixtures/SemanticNat.bend	0	0	-	-	-
integration/bend2_unison/storage/import_client.bend	1	0	-	-	-
notes/engine/frontier_transport.bend	0	1	0	09d2af8dd22201dd8d48e5dcfcaed281ff9422c7	145
research/biology_exact/build/integrin_rna/compile_snapshot/InteractionCoordinates.bend	1	0	-	-	-
research/biology_exact/build/integrin_rna/compile_snapshot/WholeProcess.bend	1	0	-	-	-
research/biology_exact/build/stratified_mechanism/compile_snapshot/InteractionCoordinates.bend	1	0	-	-	-
research/biology_exact/build/stratified_mechanism/compile_snapshot/WholeProcess.bend	1	0	-	-	-
research/biology_exact/build/stratified_order/compile_snapshot/EmpiricalOrder.bend	1	0	-	-	-
research/biology_exact/build/stratified_order/compile_snapshot/InteractionCoordinates.bend	1	0	-	-	-
research/biology_exact/build/stratified_order/compile_snapshot/RationalOrder.bend	1	0	-	-	-
research/biology_exact/build/stratified_order/compile_snapshot/StratifiedOrder.bend	1	0	-	-	-
research/biology_exact/build/stratified_order/compile_snapshot/WholeProcess.bend	1	0	-	-	-
research/biology_exact/build/transcriptome/compile_snapshot/InteractionCoordinates.bend	1	0	-	-	-
research/biology_exact/build/transcriptome/compile_snapshot/WholeProcess.bend	1	0	-	-	-
research/biology_exact/build/transcriptome/compile_snapshot/WholeTranscriptome.bend	1	0	-	-	-
research/rubiks_cube/Argmin.bend	1	0	-	-	-
research/rubiks_cube/Cube3FibreQuery.bend	1	0	-	-	-
research/rubiks_cube/Cube3Optimization.bend	1	0	-	-	-
research/rubiks_cube/Cube3Readout.bend	1	0	-	-	-
research/rubiks_cube/Cube3ReadoutFull.bend	1	0	-	-	-
research/rubiks_cube/RubiksFamily.bend	1	0	-	-	-
research/sat_fibre/SATProcess.bend	0	1	0	7d46501695e4bf4b555bd4d653307acf765f87ac	565
research/sat_fibre/cycle_verdict.bend	0	1	0	100c9df3bfa4ed98fd79a167fd7ba9faeee4ce08	196
research/sat_fibre/sat_fibre.bend	0	1	0	e5fa44f2b31c1fb553b6021e7360d07d5d91ff5e	43
