AffineProjectionQuantumBoundary.ProjectedX	S	Cubical.Data.Fin.Base.Fin 
AffineProjectionQuantumBoundary.EliminatedKernel	S	Cubical.Data.Fin.Base.Fin 
AffineProjectionQuantumBoundary.Solutions	S	Cubical.Data.Sigma.Base._×_ Agda.Primitive.lzero Agda.Primitive.lzero AffineProjectionQuantumBoundary.ProjectedX AffineProjectionQuantumBoundary.EliminatedKernel 
AffineProjectionQuantumBoundary.isSetSolutions	d:Cubical.Foundations.Prelude.isSet(d:Agda.Primitive.lzero()d:AffineProjectionQuantumBoundary.Solutions())	Cubical.Foundations.HLevels.isSet× Agda.Primitive.lzero Agda.Primitive.lzero Cubical.Data.Fin.Base.Fin Cubical.Data.Fin.Base.Fin Cubical.Data.Fin.Properties.isSetFin Cubical.Data.Fin.Properties.isSetFin 
AffineProjectionQuantumBoundary.projectX	P(d:AffineProjectionQuantumBoundary.Solutions(),d:AffineProjectionQuantumBoundary.ProjectedX())	Agda.Builtin.Sigma.Σ.fst 
AffineProjectionQuantumBoundary.kernelCoordinate	P(d:AffineProjectionQuantumBoundary.Solutions(),d:AffineProjectionQuantumBoundary.EliminatedKernel())	Agda.Builtin.Sigma.Σ.snd 
AffineProjectionQuantumBoundary.projectFiberIso	P(d:AffineProjectionQuantumBoundary.ProjectedX(),d:Cubical.Foundations.Isomorphism.Iso(d:Agda.Primitive.lzero()d:Agda.Primitive.lzero()d:Cubical.Foundations.Equiv.Base.fiber(d:Agda.Primitive.lzero()d:Agda.Primitive.lzero()d:AffineProjectionQuantumBoundary.Solutions()d:AffineProjectionQuantumBoundary.ProjectedX()d:AffineProjectionQuantumBoundary.projectX()v0())d:AffineProjectionQuantumBoundary.EliminatedKernel()))	Agda.Builtin.Sigma._,_ Agda.Builtin.Sigma._,_ AffineProjectionQuantumBoundary.projectX Agda.Builtin.Sigma._,_ Cubical.Foundations.Isomorphism.Iso.fun AffineProjectionQuantumBoundary.projectFiberIso Cubical.Foundations.Isomorphism.Iso.inv AffineProjectionQuantumBoundary.projectFiberIso Cubical.Data.Sigma.Properties.Σ≡Prop Agda.Primitive.lzero Agda.Builtin.Sigma.Σ Agda.Primitive.lzero Agda.Primitive.lzero AffineProjectionQuantumBoundary.ProjectedX AffineProjectionQuantumBoundary.EliminatedKernel Agda.Primitive.lzero Agda.Builtin.Cubical.Path._≡_ Agda.Primitive.lzero Cubical.Data.Fin.Base.Fin AffineProjectionQuantumBoundary.projectX Cubical.Data.Fin.Properties.isSetFin AffineProjectionQuantumBoundary.projectX Agda.Builtin.Sigma._,_ Agda.Builtin.Sigma._,_ Cubical.Foundations.Isomorphism.Iso.fun AffineProjectionQuantumBoundary.projectFiberIso Agda.Builtin.Sigma._,_ Agda.Builtin.Sigma._,_ AffineProjectionQuantumBoundary.projectX Agda.Builtin.Sigma._,_ Cubical.Foundations.Isomorphism.Iso.fun AffineProjectionQuantumBoundary.projectFiberIso Agda.Builtin.Sigma._,_ Agda.Builtin.Sigma._,_ Agda.Builtin.Sigma._,_ Agda.Builtin.Sigma._,_ Cubical.Foundations.Isomorphism.Iso.fun AffineProjectionQuantumBoundary.projectFiberIso Agda.Builtin.Sigma._,_ Agda.Builtin.Sigma._,_ Cubical.Data.Sigma.Properties._.ΣPathP Agda.Primitive.lzero Agda.Primitive.lzero AffineProjectionQuantumBoundary.ProjectedX AffineProjectionQuantumBoundary.EliminatedKernel Agda.Builtin.Sigma._,_ Cubical.Foundations.Isomorphism.Iso.fun AffineProjectionQuantumBoundary.projectFiberIso Agda.Builtin.Sigma._,_ Agda.Builtin.Sigma._,_ Agda.Builtin.Sigma._,_ Cubical.Foundations.Isomorphism.Iso.fun AffineProjectionQuantumBoundary.projectFiberIso Agda.Builtin.Sigma._,_ Agda.Builtin.Sigma._,_ Agda.Builtin.Sigma._,_ Agda.Primitive.Cubical.primINeg Cubical.Foundations.Isomorphism.Iso.fun AffineProjectionQuantumBoundary.projectFiberIso Agda.Builtin.Sigma._,_ Agda.Builtin.Sigma._,_ 
AffineProjectionQuantumBoundary.projection-environment-lower	P(S,P(P(d:AffineProjectionQuantumBoundary.Solutions(),v1()),P(d:Cubical.Functions.Embedding.isEmbedding(d:Agda.Primitive.lzero()d:AffineProjectionQuantumBoundary.Solutions()d:Agda.Primitive.lzero()d:Cubical.Data.Sigma.Base._×_(d:Agda.Primitive.lzero()d:Agda.Primitive.lzero()d:AffineProjectionQuantumBoundary.ProjectedX()v1())d:CertificateFibration._.recorded(d:Agda.Primitive.lzero()d:Agda.Primitive.lzero()d:Agda.Primitive.lzero()d:AffineProjectionQuantumBoundary.Solutions()d:AffineProjectionQuantumBoundary.ProjectedX()v1()d:AffineProjectionQuantumBoundary.projectX()v0())),d:Cubical.Functions.Embedding._↪_(d:Agda.Primitive.lzero()d:Agda.Primitive.lzero()d:AffineProjectionQuantumBoundary.EliminatedKernel()v2()))))	Cubical.Functions.Embedding.compEmbedding Agda.Primitive.lzero Cubical.Foundations.Equiv.Base.fiber Agda.Primitive.lzero Agda.Primitive.lzero AffineProjectionQuantumBoundary.Solutions AffineProjectionQuantumBoundary.ProjectedX AffineProjectionQuantumBoundary.projectX Cubical.Data.Fin.Base.fzero Agda.Primitive.lzero Agda.Primitive.lzero AffineProjectionQuantumBoundary.EliminatedKernel CertificateFibration._.fiber↪cert Agda.Primitive.lzero Agda.Primitive.lzero Agda.Primitive.lzero AffineProjectionQuantumBoundary.Solutions AffineProjectionQuantumBoundary.ProjectedX AffineProjectionQuantumBoundary.projectX Cubical.Data.Fin.Base.fzero Cubical.Functions.Embedding.Equiv→Embedding Agda.Primitive.lzero AffineProjectionQuantumBoundary.EliminatedKernel Agda.Primitive.lzero Cubical.Foundations.Equiv.Base.fiber Agda.Primitive.lzero Agda.Primitive.lzero AffineProjectionQuantumBoundary.Solutions AffineProjectionQuantumBoundary.ProjectedX AffineProjectionQuantumBoundary.projectX Cubical.Data.Fin.Base.fzero Cubical.Foundations.Isomorphism.isoToEquiv Agda.Primitive.lzero AffineProjectionQuantumBoundary.EliminatedKernel Agda.Primitive.lzero Cubical.Foundations.Equiv.Base.fiber Agda.Primitive.lzero Agda.Primitive.lzero AffineProjectionQuantumBoundary.Solutions AffineProjectionQuantumBoundary.ProjectedX AffineProjectionQuantumBoundary.projectX Cubical.Data.Fin.Base.fzero Cubical.Foundations.Isomorphism.invIso Agda.Primitive.lzero Cubical.Foundations.Equiv.Base.fiber Agda.Primitive.lzero Agda.Primitive.lzero AffineProjectionQuantumBoundary.Solutions AffineProjectionQuantumBoundary.ProjectedX AffineProjectionQuantumBoundary.projectX Cubical.Data.Fin.Base.fzero Agda.Primitive.lzero AffineProjectionQuantumBoundary.EliminatedKernel AffineProjectionQuantumBoundary.projectFiberIso Cubical.Data.Fin.Base.fzero 
AffineProjectionQuantumBoundary.kernel-coordinate-completes	d:FiniteInformation.Completes(d:Agda.Primitive.lzero()d:Agda.Primitive.lzero()d:Agda.Primitive.lzero()d:AffineProjectionQuantumBoundary.Solutions()d:AffineProjectionQuantumBoundary.ProjectedX()d:AffineProjectionQuantumBoundary.EliminatedKernel()d:AffineProjectionQuantumBoundary.projectX()d:AffineProjectionQuantumBoundary.kernelCoordinate())	
AffineProjectionQuantumBoundary.projection-environment-attains	d:Cubical.Functions.Embedding.isEmbedding(d:Agda.Primitive.lzero()d:AffineProjectionQuantumBoundary.Solutions()d:Agda.Primitive.lzero()d:Cubical.Data.Sigma.Base._×_(d:Agda.Primitive.lzero()d:Agda.Primitive.lzero()d:AffineProjectionQuantumBoundary.ProjectedX()d:AffineProjectionQuantumBoundary.EliminatedKernel())d:CertificateFibration._.recorded(d:Agda.Primitive.lzero()d:Agda.Primitive.lzero()d:Agda.Primitive.lzero()d:AffineProjectionQuantumBoundary.Solutions()d:AffineProjectionQuantumBoundary.ProjectedX()d:AffineProjectionQuantumBoundary.EliminatedKernel()d:AffineProjectionQuantumBoundary.projectX()d:AffineProjectionQuantumBoundary.kernelCoordinate()))	CertificateFibration._.Completes→isEmbedding Agda.Primitive.lzero Agda.Primitive.lzero Agda.Primitive.lzero AffineProjectionQuantumBoundary.Solutions AffineProjectionQuantumBoundary.ProjectedX AffineProjectionQuantumBoundary.EliminatedKernel AffineProjectionQuantumBoundary.projectX AffineProjectionQuantumBoundary.kernelCoordinate Cubical.Data.Fin.Properties.isSetFin Cubical.Data.Fin.Properties.isSetFin AffineProjectionQuantumBoundary.kernel-coordinate-completes 
AffineProjectionQuantumBoundary.symbolicSummary	P(d:AffineProjectionQuantumBoundary.Solutions(),d:Agda.Builtin.Unit.⊤())	Agda.Builtin.Unit.tt 
AffineProjectionQuantumBoundary.summaryFiberIso	d:Cubical.Foundations.Isomorphism.Iso(d:Agda.Primitive.lzero()d:Agda.Primitive.lzero()d:Cubical.Foundations.Equiv.Base.fiber(d:Agda.Primitive.lzero()d:Agda.Primitive.lzero()d:AffineProjectionQuantumBoundary.Solutions()d:Agda.Builtin.Unit.⊤()d:AffineProjectionQuantumBoundary.symbolicSummary()c:Agda.Builtin.Unit.tt())d:AffineProjectionQuantumBoundary.Solutions())	Agda.Builtin.Sigma._,_ Agda.Builtin.Unit.tt Cubical.Foundations.Isomorphism.Iso.fun AffineProjectionQuantumBoundary.summaryFiberIso Cubical.Foundations.Isomorphism.Iso.inv AffineProjectionQuantumBoundary.summaryFiberIso Cubical.Data.Sigma.Properties.Σ≡Prop Agda.Primitive.lzero AffineProjectionQuantumBoundary.Solutions Agda.Primitive.lzero Agda.Builtin.Cubical.Path._≡_ Agda.Primitive.lzero Agda.Builtin.Unit.⊤ Agda.Builtin.Unit.tt Agda.Builtin.Unit.tt Cubical.Data.Unit.Properties.isSetUnit Agda.Builtin.Unit.tt Agda.Builtin.Unit.tt Cubical.Foundations.Isomorphism.Iso.inv AffineProjectionQuantumBoundary.summaryFiberIso Cubical.Foundations.Isomorphism.Iso.fun AffineProjectionQuantumBoundary.summaryFiberIso Agda.Builtin.Sigma._,_ Agda.Builtin.Sigma._,_ Agda.Builtin.Sigma.Σ.fst Cubical.Foundations.Isomorphism.Iso.inv AffineProjectionQuantumBoundary.summaryFiberIso Cubical.Foundations.Isomorphism.Iso.fun AffineProjectionQuantumBoundary.summaryFiberIso Agda.Builtin.Sigma._,_ Agda.Builtin.Sigma.Σ.fst Cubical.Foundations.Isomorphism.Iso.inv AffineProjectionQuantumBoundary.summaryFiberIso Cubical.Foundations.Isomorphism.Iso.fun AffineProjectionQuantumBoundary.summaryFiberIso Agda.Builtin.Sigma._,_ 
AskingIsNotAPropertyOfTheFunction.verdict	P(d:Agda.Primitive.Level(),P(S,P(d:Cubical.Relation.Nullary.Base.Dec(v1()v0()),d:Agda.Builtin.Nat.Nat())))	
AskingIsNotAPropertyOfTheFunction.ask	P(d:Agda.Primitive.Level(),P(S,P(d:Cubical.Relation.Nullary.Base.Discrete(v1()v0()),P(v1(),P(v2(),d:Agda.Builtin.Nat.Nat())))))	AskingIsNotAPropertyOfTheFunction.verdict Agda.Builtin.Cubical.Path._≡_ 
AskingIsNotAPropertyOfTheFunction.discreteBool	d:Cubical.Relation.Nullary.Base.Discrete(d:Agda.Primitive.lzero()d:Agda.Builtin.Bool.Bool())	Cubical.Relation.Nullary.Base.Dec.yes Agda.Builtin.Bool.Bool.true Cubical.Relation.Nullary.Base.Dec.yes Agda.Builtin.Bool.Bool.false Cubical.Relation.Nullary.Base.Dec.no Cubical.Data.Bool.Properties.true≢false Cubical.Relation.Nullary.Base.Dec.no Cubical.Data.Bool.Properties.false≢true 
AskingIsNotAPropertyOfTheFunction.askBool	P(d:Agda.Builtin.Bool.Bool(),P(d:Agda.Builtin.Bool.Bool(),d:Agda.Builtin.Nat.Nat()))	AskingIsNotAPropertyOfTheFunction.ask Agda.Primitive.lzero Agda.Builtin.Bool.Bool AskingIsNotAPropertyOfTheFunction.discreteBool 
AskingIsNotAPropertyOfTheFunction.peel	P(d:Agda.Builtin.Nat.Nat(),P(d:Agda.Builtin.Nat.Nat(),d:Agda.Builtin.Nat.Nat()))	AskingIsNotAPropertyOfTheFunction.peel 
AskingIsNotAPropertyOfTheFunction.peel-step	P(d:Agda.Builtin.Nat.Nat(),P(d:Agda.Builtin.Nat.Nat(),d:Agda.Builtin.Cubical.Path._≡_(d:Agda.Primitive.lzero()d:Agda.Builtin.Nat.Nat()d:AskingIsNotAPropertyOfTheFunction.peel(c:Agda.Builtin.Nat.Nat.suc(v1())c:Agda.Builtin.Nat.Nat.suc(v0()))d:AskingIsNotAPropertyOfTheFunction.peel(v1()v0()))))	AskingIsNotAPropertyOfTheFunction.peel Agda.Builtin.Nat.Nat.suc Agda.Builtin.Nat.Nat.suc 
AskingIsNotAPropertyOfTheFunction.peel-diagonal	P(d:Agda.Builtin.Nat.Nat(),d:Agda.Builtin.Cubical.Path._≡_(d:Agda.Primitive.lzero()d:Agda.Builtin.Nat.Nat()d:AskingIsNotAPropertyOfTheFunction.peel(v0()v0())K))	AskingIsNotAPropertyOfTheFunction.peel Agda.Builtin.Nat.Nat.zero Agda.Builtin.Nat.Nat.zero AskingIsNotAPropertyOfTheFunction.peel-diagonal 
AskingIsNotAPropertyOfTheFunction.peel-off	P(d:Agda.Builtin.Nat.Nat(),P(d:Agda.Builtin.Nat.Nat(),P(d:Cubical.Relation.Nullary.Base.¬_(d:Agda.Primitive.lzero()d:Agda.Builtin.Cubical.Path._≡_(d:Agda.Primitive.lzero()d:Agda.Builtin.Nat.Nat()v1()v0())),d:Agda.Builtin.Cubical.Path._≡_(d:Agda.Primitive.lzero()d:Agda.Builtin.Nat.Nat()d:AskingIsNotAPropertyOfTheFunction.peel(v2()v1())K))))	Cubical.Data.Empty.Base.rec Agda.Primitive.lzero Agda.Builtin.Cubical.Path._≡_ Agda.Primitive.lzero Agda.Builtin.Nat.Nat AskingIsNotAPropertyOfTheFunction.peel Agda.Builtin.Nat.Nat.zero Agda.Builtin.Nat.Nat.zero Agda.Builtin.Nat.Nat.zero AskingIsNotAPropertyOfTheFunction.peel Agda.Builtin.Nat.Nat.zero Agda.Builtin.Nat.Nat.suc AskingIsNotAPropertyOfTheFunction.peel Agda.Builtin.Nat.Nat.suc Agda.Builtin.Nat.Nat.zero AskingIsNotAPropertyOfTheFunction.peel-off Agda.Builtin.Nat.Nat.suc 
AskingIsNotAPropertyOfTheFunction.same	P(d:Agda.Builtin.Nat.Nat(),P(d:Agda.Builtin.Nat.Nat(),d:Agda.Builtin.Cubical.Path._≡_(d:Agda.Primitive.lzero()d:Agda.Builtin.Nat.Nat()d:AskingIsNotAPropertyOfTheFunction.peel(v1()v0())d:AskingIsNotAPropertyOfTheFunction.askℕ(v1()v0()))))	AskingIsNotAPropertyOfTheFunction._.go Cubical.Data.Nat.Properties.discreteℕ 
AskingIsNotAPropertyOfTheFunction.sameFunction	d:Agda.Builtin.Cubical.Path._≡_(d:Agda.Primitive.lzero()P(d:Agda.Builtin.Nat.Nat(),P(d:Agda.Builtin.Nat.Nat(),d:Agda.Builtin.Nat.Nat()))d:AskingIsNotAPropertyOfTheFunction.peel()d:AskingIsNotAPropertyOfTheFunction.askℕ())	Cubical.Foundations.Prelude.funExt Agda.Primitive.lzero Agda.Builtin.Nat.Nat Agda.Primitive.lzero Agda.Builtin.Nat.Nat Agda.Builtin.Nat.Nat AskingIsNotAPropertyOfTheFunction.peel AskingIsNotAPropertyOfTheFunction.askℕ Cubical.Foundations.Prelude.funExt Agda.Primitive.lzero Agda.Builtin.Nat.Nat Agda.Primitive.lzero Agda.Builtin.Nat.Nat AskingIsNotAPropertyOfTheFunction.peel AskingIsNotAPropertyOfTheFunction.askℕ AskingIsNotAPropertyOfTheFunction.same 
AskingIsNotAPropertyOfTheFunction.ask-step	P(d:Agda.Builtin.Nat.Nat(),P(d:Agda.Builtin.Nat.Nat(),d:Agda.Builtin.Cubical.Path._≡_(d:Agda.Primitive.lzero()d:Agda.Builtin.Nat.Nat()d:AskingIsNotAPropertyOfTheFunction.askℕ(c:Agda.Builtin.Nat.Nat.suc(v1())c:Agda.Builtin.Nat.Nat.suc(v0()))d:AskingIsNotAPropertyOfTheFunction.askℕ(v1()v0()))))	Cubical.Foundations.Prelude._∙_ Agda.Primitive.lzero Agda.Builtin.Nat.Nat AskingIsNotAPropertyOfTheFunction.askℕ Agda.Builtin.Nat.Nat.suc Agda.Builtin.Nat.Nat.suc AskingIsNotAPropertyOfTheFunction.peel Agda.Builtin.Nat.Nat.suc Agda.Builtin.Nat.Nat.suc AskingIsNotAPropertyOfTheFunction.askℕ AskingIsNotAPropertyOfTheFunction.same Agda.Builtin.Nat.Nat.suc Agda.Builtin.Nat.Nat.suc Agda.Primitive.Cubical.primINeg Cubical.Foundations.Prelude._∙_ Agda.Primitive.lzero Agda.Builtin.Nat.Nat AskingIsNotAPropertyOfTheFunction.peel Agda.Builtin.Nat.Nat.suc Agda.Builtin.Nat.Nat.suc AskingIsNotAPropertyOfTheFunction.peel AskingIsNotAPropertyOfTheFunction.askℕ AskingIsNotAPropertyOfTheFunction.peel-step AskingIsNotAPropertyOfTheFunction.same 
AskingIsNotAPropertyOfTheFunction.run	P(d:AskingIsNotAPropertyOfTheFunction.Presentation(),P(d:Agda.Builtin.Nat.Nat(),P(d:Agda.Builtin.Nat.Nat(),d:Agda.Builtin.Nat.Nat())))	AskingIsNotAPropertyOfTheFunction.peel AskingIsNotAPropertyOfTheFunction.askℕ 
AvataranaBhanga_TheQuotientCannotHostTheTypeOfWitnessesAndTheProofIsOneTransport.DependentFactorsThrough	P(d:Agda.Primitive.Level(),P(d:Agda.Primitive.Level(),P(d:Agda.Primitive.Level(),P(S,P(S,P(P(v1(),v1()),P(P(v2(),S),S)))))))	Cubical.Core.Primitives.Σ-syntax Agda.Primitive._⊔_ Agda.Primitive.lsuc Agda.Primitive._⊔_ Agda.Primitive.lsuc Agda.Builtin.Cubical.Path._≡_ Agda.Primitive.lsuc 
AvataranaBhanga_TheQuotientCannotHostTheTypeOfWitnessesAndTheProofIsOneTransport.dependent-collision-obstructs	P(d:Agda.Primitive.Level(),P(d:Agda.Primitive.Level(),P(d:Agda.Primitive.Level(),P(S,P(S,P(P(v1(),v1()),P(P(v2(),S),P(v3(),P(vn(),P(d:Agda.Builtin.Cubical.Path._≡_(vn()vn()v3(v1())v3(v0())),P(v3(v2()),P(d:Cubical.Relation.Nullary.Base.¬_(vn()vn(v2())),d:Cubical.Relation.Nullary.Base.¬_(d:Agda.Primitive._⊔_(d:Agda.Primitive._⊔_(vn()vn())d:Agda.Primitive.lsuc(vn()))d:AvataranaBhanga_TheQuotientCannotHostTheTypeOfWitnessesAndTheProofIsOneTransport.DependentFactorsThrough(vn()vn()vn()vn()vn()vn()vn()))))))))))))))	Cubical.Foundations.Prelude.transport Cubical.Foundations.Prelude._∙_ Agda.Primitive.lsuc Cubical.Foundations.Prelude._∙_ Agda.Primitive.lsuc Agda.Primitive.Cubical.primINeg 
AvataranaBhanga_TheQuotientCannotHostTheTypeOfWitnessesAndTheProofIsOneTransport.Filler	P(d:KramaNiyama_TheLawOfSuccessionDoesNotFactorThroughTheCarrier.नियमः(),S)	Agda.Builtin.Cubical.Path._≡_ Agda.Primitive.lzero Agda.Builtin.Sigma.Σ Agda.Primitive.lzero Agda.Primitive.lzero Cubical.Data.Int.Base.ℤ Cubical.Data.Int.Base.ℤ KramaNiyama_TheLawOfSuccessionDoesNotFactorThroughTheCarrier.g₁ KramaNiyama_TheLawOfSuccessionDoesNotFactorThroughTheCarrier.g₂ KramaNiyama_TheLawOfSuccessionDoesNotFactorThroughTheCarrier.g₂ KramaNiyama_TheLawOfSuccessionDoesNotFactorThroughTheCarrier.g₁ 
AvataranaBhanga_TheQuotientCannotHostTheTypeOfWitnessesAndTheProofIsOneTransport.carrierTranscript	P(d:KramaNiyama_TheLawOfSuccessionDoesNotFactorThroughTheCarrier.नियमः(),d:Agda.Builtin.List.List(d:Agda.Primitive.lzero()d:Agda.Builtin.Bool.Bool()))	QuotientFiberLaw.Law.obs Agda.Primitive.lzero KramaNiyama_TheLawOfSuccessionDoesNotFactorThroughTheCarrier.नियमः KramaNiyama_TheLawOfSuccessionDoesNotFactorThroughTheCarrier.वाहक-दृष्टिः 
AvataranaBhanga_TheQuotientCannotHostTheTypeOfWitnessesAndTheProofIsOneTransport.sameCarrierTranscript	d:Agda.Builtin.Cubical.Path._≡_(d:Agda.Primitive.lzero()d:Agda.Builtin.List.List(d:Agda.Primitive.lzero()d:Agda.Builtin.Bool.Bool())d:AvataranaBhanga_TheQuotientCannotHostTheTypeOfWitnessesAndTheProofIsOneTransport.carrierTranscript(d:KramaNiyama_TheLawOfSuccessionDoesNotFactorThroughTheCarrier.μT())d:AvataranaBhanga_TheQuotientCannotHostTheTypeOfWitnessesAndTheProofIsOneTransport.carrierTranscript(d:KramaNiyama_TheLawOfSuccessionDoesNotFactorThroughTheCarrier.μK()))	QuotientFiberLaw.Law.obs-agree Agda.Primitive.lzero KramaNiyama_TheLawOfSuccessionDoesNotFactorThroughTheCarrier.नियमः KramaNiyama_TheLawOfSuccessionDoesNotFactorThroughTheCarrier.वाहक-दृष्टिः KramaNiyama_TheLawOfSuccessionDoesNotFactorThroughTheCarrier.μT KramaNiyama_TheLawOfSuccessionDoesNotFactorThroughTheCarrier.μK KramaNiyama_TheLawOfSuccessionDoesNotFactorThroughTheCarrier.अन्धयुग्मम् 
AvataranaBhanga_TheQuotientCannotHostTheTypeOfWitnessesAndTheProofIsOneTransport.fillerDoesNotFactorThroughCarrier	d:Cubical.Relation.Nullary.Base.¬_(d:Agda.Primitive.lsuc(d:Agda.Primitive.lzero())d:AvataranaBhanga_TheQuotientCannotHostTheTypeOfWitnessesAndTheProofIsOneTransport.DependentFactorsThrough(d:Agda.Primitive.lzero()d:Agda.Primitive.lzero()d:Agda.Primitive.lzero()d:KramaNiyama_TheLawOfSuccessionDoesNotFactorThroughTheCarrier.नियमः()d:Agda.Builtin.List.List(d:Agda.Primitive.lzero()d:Agda.Builtin.Bool.Bool())d:AvataranaBhanga_TheQuotientCannotHostTheTypeOfWitnessesAndTheProofIsOneTransport.carrierTranscript()d:AvataranaBhanga_TheQuotientCannotHostTheTypeOfWitnessesAndTheProofIsOneTransport.Filler()))	AvataranaBhanga_TheQuotientCannotHostTheTypeOfWitnessesAndTheProofIsOneTransport.dependent-collision-obstructs Agda.Primitive.lzero Agda.Primitive.lzero Agda.Primitive.lzero KramaNiyama_TheLawOfSuccessionDoesNotFactorThroughTheCarrier.नियमः Agda.Builtin.List.List Agda.Primitive.lzero Agda.Builtin.Bool.Bool AvataranaBhanga_TheQuotientCannotHostTheTypeOfWitnessesAndTheProofIsOneTransport.carrierTranscript AvataranaBhanga_TheQuotientCannotHostTheTypeOfWitnessesAndTheProofIsOneTransport.Filler KramaNiyama_TheLawOfSuccessionDoesNotFactorThroughTheCarrier.μT KramaNiyama_TheLawOfSuccessionDoesNotFactorThroughTheCarrier.μK AvataranaBhanga_TheQuotientCannotHostTheTypeOfWitnessesAndTheProofIsOneTransport.sameCarrierTranscript KramaNiyama_TheLawOfSuccessionDoesNotFactorThroughTheCarrier.समम् KramaNiyama_TheLawOfSuccessionDoesNotFactorThroughTheCarrier.विषमम् 
TheMultiPrimeDivisorLatticeIsRankSymmetricRankUnimodalAndSpernerBySymmetricChains.mirrorM	P(d:Agda.Builtin.Nat.Nat(),P(P(d:Agda.Builtin.Nat.Nat(),d:Agda.Builtin.Nat.Nat()),P(d:SpernerFromSl2.DivM(v1()v0()),d:SpernerFromSl2.DivM(v2()v1()))))	Agda.Builtin.Sigma._,_ Agda.Builtin.Sigma.Σ.fst Agda.Builtin.Sigma._,_ Cubical.Foundations.Prelude._∙_ Agda.Primitive.lzero Agda.Builtin.Nat.Nat Agda.Builtin.Nat._+_ Agda.Builtin.Sigma.Σ.fst Agda.Builtin.Nat._+_ Agda.Builtin.Sigma.Σ.fst Cubical.Data.Nat.Properties.+-comm Agda.Builtin.Sigma.Σ.fst Agda.Builtin.Sigma.Σ.snd 
TheMultiPrimeDivisorLatticeIsRankSymmetricRankUnimodalAndSpernerBySymmetricChains.mirrorM-rank	P(d:Agda.Builtin.Nat.Nat(),P(P(d:Agda.Builtin.Nat.Nat(),d:Agda.Builtin.Nat.Nat()),P(d:SpernerFromSl2.DivM(v1()v0()),d:Agda.Builtin.Cubical.Path._≡_(d:Agda.Primitive.lzero()d:Agda.Builtin.Nat.Nat()d:Agda.Builtin.Nat._+_(d:SpernerFromSl2.rkM(v2()v1()d:TheMultiPrimeDivisorLatticeIsRankSymmetricRankUnimodalAndSpernerBySymmetricChains.mirrorM(v2()v1()v0()))d:SpernerFromSl2.rkM(v2()v1()v0()))d:SpernerFromSl2.sum(v2()v1())))))	Cubical.Foundations.Prelude._∙_ Agda.Primitive.lzero Agda.Builtin.Nat.Nat Agda.Builtin.Nat._+_ SpernerFromSl2.sum Agda.Builtin.Sigma.Σ.fst SpernerFromSl2.sum SpernerFromSl2.sum Agda.Builtin.Nat._+_ Agda.Builtin.Sigma.Σ.fst SpernerFromSl2.sum TheMultiPrimeDivisorLatticeIsRankSymmetricRankUnimodalAndSpernerBySymmetricChains.sum-+ Agda.Builtin.Sigma.Σ.fst Agda.Primitive.Cubical.primINeg SpernerFromSl2.sum Cubical.Foundations.Prelude.funExt Agda.Primitive.lzero Agda.Builtin.Nat.Nat Agda.Primitive.lzero Agda.Builtin.Nat.Nat Agda.Builtin.Nat._+_ Agda.Builtin.Sigma.Σ.fst Cubical.Foundations.Prelude._∙_ Agda.Primitive.lzero Agda.Builtin.Nat.Nat Agda.Builtin.Nat._+_ Agda.Builtin.Sigma.Σ.fst Agda.Builtin.Nat._+_ Agda.Builtin.Sigma.Σ.fst Cubical.Data.Nat.Properties.+-comm Agda.Builtin.Sigma.Σ.fst Agda.Builtin.Sigma.Σ.snd 
TheMultiPrimeDivisorLatticeIsRankSymmetricRankUnimodalAndSpernerBySymmetricChains.mirrorM-mirrorM	P(d:Agda.Builtin.Nat.Nat(),P(P(d:Agda.Builtin.Nat.Nat(),d:Agda.Builtin.Nat.Nat()),P(d:SpernerFromSl2.DivM(v1()v0()),d:Agda.Builtin.Cubical.Path._≡_(d:Agda.Primitive.lzero()d:Agda.Builtin.Sigma.Σ(d:Agda.Primitive.lzero()d:Agda.Primitive.lzero()P(d:Agda.Builtin.Nat.Nat(),d:Agda.Builtin.Nat.Nat())L(P(d:Agda.Builtin.Nat.Nat(),d:Cubical.Core.Primitives.Σ-syntax(d:Agda.Primitive.lzero()d:Agda.Primitive.lzero()d:Agda.Builtin.Nat.Nat()L(d:Agda.Builtin.Cubical.Path._≡_(d:Agda.Primitive.lzero()d:Agda.Builtin.Nat.Nat()d:Agda.Builtin.Nat._+_(v2(v1())v0())vn(v1())))))))d:TheMultiPrimeDivisorLatticeIsRankSymmetricRankUnimodalAndSpernerBySymmetricChains.mirrorM(v2()v1()d:TheMultiPrimeDivisorLatticeIsRankSymmetricRankUnimodalAndSpernerBySymmetricChains.mirrorM(v2()v1()v0()))v0()))))	Cubical.Data.Sigma.Properties._.ΣPathP Agda.Primitive.lzero Agda.Primitive.lzero Agda.Builtin.Nat.Nat Agda.Builtin.Nat.Nat Agda.Builtin.Nat.Nat Cubical.Core.Primitives.Σ-syntax Agda.Primitive.lzero Agda.Primitive.lzero Agda.Builtin.Nat.Nat Agda.Builtin.Cubical.Path._≡_ Agda.Primitive.lzero Agda.Builtin.Nat.Nat Agda.Builtin.Nat._+_ TheMultiPrimeDivisorLatticeIsRankSymmetricRankUnimodalAndSpernerBySymmetricChains.mirrorM TheMultiPrimeDivisorLatticeIsRankSymmetricRankUnimodalAndSpernerBySymmetricChains.mirrorM Agda.Builtin.Sigma._,_ Agda.Builtin.Sigma._,_ Agda.Builtin.Sigma.Σ.fst TheMultiPrimeDivisorLatticeIsRankSymmetricRankUnimodalAndSpernerBySymmetricChains.mirrorM TheMultiPrimeDivisorLatticeIsRankSymmetricRankUnimodalAndSpernerBySymmetricChains.mirrorM Agda.Builtin.Sigma._,_ Agda.Builtin.Sigma._,_ Agda.Builtin.Sigma.Σ.fst Agda.Builtin.Sigma.Σ.snd TheMultiPrimeDivisorLatticeIsRankSymmetricRankUnimodalAndSpernerBySymmetricChains.mirrorM TheMultiPrimeDivisorLatticeIsRankSymmetricRankUnimodalAndSpernerBySymmetricChains.mirrorM Agda.Builtin.Sigma._,_ Agda.Builtin.Sigma.Σ.snd Agda.Builtin.Sigma._,_ Agda.Builtin.Sigma.Σ.fst TheMultiPrimeDivisorLatticeIsRankSymmetricRankUnimodalAndSpernerBySymmetricChains.mirrorM TheMultiPrimeDivisorLatticeIsRankSymmetricRankUnimodalAndSpernerBySymmetricChains.mirrorM Agda.Builtin.Sigma._,_ Cubical.Foundations.Prelude.funExt Agda.Primitive.lzero Agda.Builtin.Nat.Nat Agda.Primitive.lzero Agda.Builtin.Sigma.Σ Agda.Primitive.lzero Agda.Primitive.lzero Agda.Builtin.Nat.Nat Agda.Builtin.Cubical.Path._≡_ Agda.Primitive.lzero Agda.Builtin.Nat.Nat Agda.Builtin.Nat._+_ Agda.Builtin.Sigma.Σ.fst TheMultiPrimeDivisorLatticeIsRankSymmetricRankUnimodalAndSpernerBySymmetricChains.mirrorM TheMultiPrimeDivisorLatticeIsRankSymmetricRankUnimodalAndSpernerBySymmetricChains.mirrorM Agda.Builtin.Sigma._,_ Agda.Builtin.Sigma.Σ.snd TheMultiPrimeDivisorLatticeIsRankSymmetricRankUnimodalAndSpernerBySymmetricChains.mirrorM TheMultiPrimeDivisorLatticeIsRankSymmetricRankUnimodalAndSpernerBySymmetricChains.mirrorM Agda.Builtin.Sigma._,_ Agda.Builtin.Sigma._,_ Agda.Builtin.Sigma.Σ.fst Agda.Builtin.Sigma.Σ.snd TheMultiPrimeDivisorLatticeIsRankSymmetricRankUnimodalAndSpernerBySymmetricChains.mirrorM TheMultiPrimeDivisorLatticeIsRankSymmetricRankUnimodalAndSpernerBySymmetricChains.mirrorM Agda.Builtin.Sigma._,_ Agda.Builtin.Sigma.Σ.snd Cubical.Data.Sigma.Properties.Σ≡Prop Agda.Primitive.lzero Agda.Builtin.Nat.Nat Agda.Primitive.lzero Agda.Builtin.Cubical.Path._≡_ Agda.Primitive.lzero Agda.Builtin.Nat.Nat Agda.Builtin.Nat._+_ Agda.Builtin.Sigma.Σ.fst TheMultiPrimeDivisorLatticeIsRankSymmetricRankUnimodalAndSpernerBySymmetricChains.mirrorM TheMultiPrimeDivisorLatticeIsRankSymmetricRankUnimodalAndSpernerBySymmetricChains.mirrorM Agda.Builtin.Sigma._,_ Cubical.Data.Nat.Properties.isSetℕ Agda.Builtin.Nat._+_ Agda.Builtin.Sigma.Σ.fst TheMultiPrimeDivisorLatticeIsRankSymmetricRankUnimodalAndSpernerBySymmetricChains.mirrorM TheMultiPrimeDivisorLatticeIsRankSymmetricRankUnimodalAndSpernerBySymmetricChains.mirrorM Agda.Builtin.Sigma._,_ Agda.Builtin.Sigma.Σ.snd TheMultiPrimeDivisorLatticeIsRankSymmetricRankUnimodalAndSpernerBySymmetricChains.mirrorM TheMultiPrimeDivisorLatticeIsRankSymmetricRankUnimodalAndSpernerBySymmetricChains.mirrorM Agda.Builtin.Sigma._,_ Agda.Builtin.Sigma._,_ Agda.Builtin.Sigma.Σ.fst Agda.Builtin.Sigma.Σ.snd TheMultiPrimeDivisorLatticeIsRankSymmetricRankUnimodalAndSpernerBySymmetricChains.mirrorM TheMultiPrimeDivisorLatticeIsRankSymmetricRankUnimodalAndSpernerBySymmetricChains.mirrorM Agda.Builtin.Sigma._,_ Agda.Builtin.Sigma.Σ.snd Agda.Builtin.Sigma.Σ.fst Agda.Builtin.Sigma.Σ.snd TheMultiPrimeDivisorLatticeIsRankSymmetricRankUnimodalAndSpernerBySymmetricChains.mirrorM TheMultiPrimeDivisorLatticeIsRankSymmetricRankUnimodalAndSpernerBySymmetricChains.mirrorM Agda.Builtin.Sigma._,_ 
TheMultiPrimeDivisorLatticeIsRankSymmetricRankUnimodalAndSpernerBySymmetricChains.generalRankSymmetry	d:SpernerFromSl2.GeneralRankSymmetry()	Agda.Builtin.Sigma._,_ TheMultiPrimeDivisorLatticeIsRankSymmetricRankUnimodalAndSpernerBySymmetricChains._.fwd TheMultiPrimeDivisorLatticeIsRankSymmetricRankUnimodalAndSpernerBySymmetricChains._.bwd 
TheMultiPrimeDivisorLatticeIsRankSymmetricRankUnimodalAndSpernerBySymmetricChains.mkSU	P(d:Agda.Builtin.Nat.Nat(),P(P(d:Agda.Builtin.Nat.Nat(),d:Agda.Builtin.Nat.Nat()),P(P(d:Agda.Builtin.Nat.Nat(),P(d:Agda.Builtin.Nat.Nat(),P(d:Agda.Builtin.Cubical.Path._≡_(d:Agda.Primitive.lzero()d:Agda.Builtin.Nat.Nat()d:Agda.Builtin.Nat._+_(v1()v0())v3()),d:Agda.Builtin.Cubical.Path._≡_(d:Agda.Primitive.lzero()d:Agda.Builtin.Nat.Nat()v3(v2())v3(v1()))))),P(P(d:Agda.Builtin.Nat.Nat(),d:Agda.Builtin.Cubical.Path._≡_(d:Agda.Primitive.lzero()d:Agda.Builtin.Nat.Nat()v2(d:Agda.Builtin.Nat._+_(c:Agda.Builtin.Nat.Nat.suc(v3())v0()))c:Agda.Builtin.Nat.Nat.zero())),P(P(d:Agda.Builtin.Nat.Nat(),P(d:Cubical.Data.Nat.Order._≤_(d:Agda.Builtin.Nat._+_(v0()c:Agda.Builtin.Nat.Nat.suc(v0()))vn()),d:Cubical.Data.Nat.Order._≤_(vn(v1())vn(c:Agda.Builtin.Nat.Nat.suc(v1()))))),d:TheMultiPrimeDivisorLatticeIsRankSymmetricRankUnimodalAndSpernerBySymmetricChains.SU(vn()v3()))))))	TheMultiPrimeDivisorLatticeIsRankSymmetricRankUnimodalAndSpernerBySymmetricChains.SU.constructor TheMultiPrimeDivisorLatticeIsRankSymmetricRankUnimodalAndSpernerBySymmetricChains._.nest-from-inc 
TheMultiPrimeDivisorLatticeIsRankSymmetricRankUnimodalAndSpernerBySymmetricChains.box	P(d:Agda.Builtin.Nat.Nat(),P(P(d:Agda.Builtin.Nat.Nat(),d:Agda.Builtin.Nat.Nat()),P(d:Agda.Builtin.Nat.Nat(),d:Agda.Builtin.Nat.Nat())))	Agda.Builtin.Nat.Nat.zero Agda.Builtin.Nat._+_ Agda.Builtin.Nat.Nat.suc TheMultiPrimeDivisorLatticeIsRankSymmetricRankUnimodalAndSpernerBySymmetricChains.box 
TheMultiPrimeDivisorLatticeIsRankSymmetricRankUnimodalAndSpernerBySymmetricChains.drop	P(d:Agda.Builtin.Nat.Nat(),P(P(d:Agda.Builtin.Nat.Nat(),d:Agda.Builtin.Nat.Nat()),P(d:Agda.Builtin.Nat.Nat(),d:Agda.Builtin.Nat.Nat())))	Agda.Builtin.Nat.Nat.zero TheMultiPrimeDivisorLatticeIsRankSymmetricRankUnimodalAndSpernerBySymmetricChains.drop 
TheMultiPrimeDivisorLatticeIsRankSymmetricRankUnimodalAndSpernerBySymmetricChains.box-zero	P(d:Agda.Builtin.Nat.Nat(),P(P(d:Agda.Builtin.Nat.Nat(),d:Agda.Builtin.Nat.Nat()),d:Agda.Builtin.Cubical.Path._≡_(d:Agda.Primitive.lzero()d:Agda.Builtin.Nat.Nat()d:TheMultiPrimeDivisorLatticeIsRankSymmetricRankUnimodalAndSpernerBySymmetricChains.box(v1()v0()c:Agda.Builtin.Nat.Nat.zero())v0(c:Agda.Builtin.Nat.Nat.zero()))))	TheMultiPrimeDivisorLatticeIsRankSymmetricRankUnimodalAndSpernerBySymmetricChains.box Agda.Builtin.Nat.Nat.zero Agda.Builtin.Nat.Nat.zero TheMultiPrimeDivisorLatticeIsRankSymmetricRankUnimodalAndSpernerBySymmetricChains.box Agda.Builtin.Nat.Nat.suc Agda.Builtin.Nat.Nat.zero 
TheMultiPrimeDivisorLatticeIsRankSymmetricRankUnimodalAndSpernerBySymmetricChains.box-diff	P(d:Agda.Builtin.Nat.Nat(),P(P(d:Agda.Builtin.Nat.Nat(),d:Agda.Builtin.Nat.Nat()),P(d:Agda.Builtin.Nat.Nat(),d:Agda.Builtin.Cubical.Path._≡_(d:Agda.Primitive.lzero()d:Agda.Builtin.Nat.Nat()d:Agda.Builtin.Nat._+_(d:TheMultiPrimeDivisorLatticeIsRankSymmetricRankUnimodalAndSpernerBySymmetricChains.box(v2()v1()c:Agda.Builtin.Nat.Nat.suc(v0()))d:TheMultiPrimeDivisorLatticeIsRankSymmetricRankUnimodalAndSpernerBySymmetricChains.drop(v2()v1()v0()))d:Agda.Builtin.Nat._+_(d:TheMultiPrimeDivisorLatticeIsRankSymmetricRankUnimodalAndSpernerBySymmetricChains.box(v2()v1()v0())v1(c:Agda.Builtin.Nat.Nat.suc(v0())))))))	Cubical.Data.Nat.Properties.+-comm Agda.Builtin.Nat.Nat.suc Cubical.Foundations.Prelude._∙_ Agda.Primitive.lzero Agda.Builtin.Nat.Nat Agda.Builtin.Nat._+_ Agda.Builtin.Nat._+_ Agda.Builtin.Nat.Nat.suc Agda.Builtin.Nat.Nat.zero TheMultiPrimeDivisorLatticeIsRankSymmetricRankUnimodalAndSpernerBySymmetricChains.box Agda.Builtin.Nat.Nat.zero Agda.Builtin.FromNat.Number.fromNat Cubical.Data.Nat.Literals.fromNatℕ Agda.Builtin.Unit.tt Agda.Builtin.Nat._+_ Agda.Builtin.Nat.Nat.suc Agda.Builtin.Nat.Nat.zero TheMultiPrimeDivisorLatticeIsRankSymmetricRankUnimodalAndSpernerBySymmetricChains.box Agda.Builtin.Nat.Nat.zero Agda.Builtin.Nat._+_ Agda.Builtin.Nat.Nat.zero Agda.Builtin.Nat.Nat.suc Agda.Builtin.Nat.Nat.zero Cubical.Data.Nat.Properties.+-zero Agda.Builtin.Nat._+_ Agda.Builtin.Nat.Nat.suc Agda.Builtin.Nat.Nat.zero TheMultiPrimeDivisorLatticeIsRankSymmetricRankUnimodalAndSpernerBySymmetricChains.box Agda.Builtin.Nat.Nat.zero Cubical.Foundations.Prelude._∙_ Agda.Primitive.lzero Agda.Builtin.Nat.Nat Agda.Builtin.Nat._+_ Agda.Builtin.Nat.Nat.suc Agda.Builtin.Nat.Nat.zero TheMultiPrimeDivisorLatticeIsRankSymmetricRankUnimodalAndSpernerBySymmetricChains.box Agda.Builtin.Nat.Nat.zero Agda.Builtin.Nat._+_ Agda.Builtin.Nat.Nat.suc Agda.Builtin.Nat.Nat.zero Agda.Builtin.Nat.Nat.zero Agda.Builtin.Nat._+_ Agda.Builtin.Nat.Nat.zero Agda.Builtin.Nat.Nat.suc Agda.Builtin.Nat.Nat.zero Agda.Builtin.Nat._+_ Agda.Builtin.Nat.Nat.suc Agda.Builtin.Nat.Nat.zero TheMultiPrimeDivisorLatticeIsRankSymmetricRankUnimodalAndSpernerBySymmetricChains.box-zero Cubical.Data.Nat.Properties.+-comm Agda.Builtin.Nat.Nat.suc Agda.Builtin.Nat.Nat.zero Agda.Builtin.Nat.Nat.zero Cubical.Foundations.Prelude._∙_ Agda.Primitive.lzero Agda.Builtin.Nat.Nat Agda.Builtin.Nat._+_ Agda.Builtin.Nat._+_ Agda.Builtin.Nat.Nat.suc Agda.Builtin.Nat.Nat.suc TheMultiPrimeDivisorLatticeIsRankSymmetricRankUnimodalAndSpernerBySymmetricChains.box Agda.Builtin.Nat.Nat.suc TheMultiPrimeDivisorLatticeIsRankSymmetricRankUnimodalAndSpernerBySymmetricChains.drop Agda.Builtin.Nat._+_ Agda.Builtin.Nat.Nat.suc Agda.Builtin.Nat.Nat.suc Agda.Builtin.Nat._+_ TheMultiPrimeDivisorLatticeIsRankSymmetricRankUnimodalAndSpernerBySymmetricChains.box Agda.Builtin.Nat.Nat.suc TheMultiPrimeDivisorLatticeIsRankSymmetricRankUnimodalAndSpernerBySymmetricChains.drop Agda.Builtin.Nat._+_ Agda.Builtin.Nat._+_ Agda.Builtin.Nat.Nat.suc TheMultiPrimeDivisorLatticeIsRankSymmetricRankUnimodalAndSpernerBySymmetricChains.box Agda.Builtin.Nat.Nat.suc Agda.Builtin.Nat.Nat.suc Cubical.Data.Nat.Properties.+-assoc Agda.Builtin.Nat.Nat.suc Agda.Builtin.Nat.Nat.suc TheMultiPrimeDivisorLatticeIsRankSymmetricRankUnimodalAndSpernerBySymmetricChains.box Agda.Builtin.Nat.Nat.suc TheMultiPrimeDivisorLatticeIsRankSymmetricRankUnimodalAndSpernerBySymmetricChains.drop Agda.Primitive.Cubical.primINeg Cubical.Foundations.Prelude._∙_ Agda.Primitive.lzero Agda.Builtin.Nat.Nat Agda.Builtin.Nat._+_ Agda.Builtin.Nat.Nat.suc Agda.Builtin.Nat.Nat.suc Agda.Builtin.Nat._+_ TheMultiPrimeDivisorLatticeIsRankSymmetricRankUnimodalAndSpernerBySymmetricChains.box Agda.Builtin.Nat.Nat.suc TheMultiPrimeDivisorLatticeIsRankSymmetricRankUnimodalAndSpernerBySymmetricChains.drop Agda.Builtin.Nat._+_ Agda.Builtin.Nat.Nat.suc Agda.Builtin.Nat.Nat.suc Agda.Builtin.Nat._+_ TheMultiPrimeDivisorLatticeIsRankSymmetricRankUnimodalAndSpernerBySymmetricChains.box Agda.Builtin.Nat.Nat.suc Agda.Builtin.Nat._+_ Agda.Builtin.Nat._+_ Agda.Builtin.Nat.Nat.suc TheMultiPrimeDivisorLatticeIsRankSymmetricRankUnimodalAndSpernerBySymmetricChains.box Agda.Builtin.Nat.Nat.suc Agda.Builtin.Nat.Nat.suc Agda.Builtin.Nat._+_ Agda.Builtin.Nat.Nat.suc Agda.Builtin.Nat.Nat.suc TheMultiPrimeDivisorLatticeIsRankSymmetricRankUnimodalAndSpernerBySymmetricChains.box-diff Cubical.Foundations.Prelude._∙_ Agda.Primitive.lzero Agda.Builtin.Nat.Nat Agda.Builtin.Nat._+_ Agda.Builtin.Nat.Nat.suc Agda.Builtin.Nat.Nat.suc Agda.Builtin.Nat._+_ TheMultiPrimeDivisorLatticeIsRankSymmetricRankUnimodalAndSpernerBySymmetricChains.box Agda.Builtin.Nat.Nat.suc Agda.Builtin.Nat._+_ Agda.Builtin.Nat._+_ TheMultiPrimeDivisorLatticeIsRankSymmetricRankUnimodalAndSpernerBySymmetricChains.box Agda.Builtin.Nat.Nat.suc Agda.Builtin.Nat.Nat.suc Agda.Builtin.Nat.Nat.suc Agda.Builtin.Nat._+_ Agda.Builtin.Nat._+_ Agda.Builtin.Nat.Nat.suc TheMultiPrimeDivisorLatticeIsRankSymmetricRankUnimodalAndSpernerBySymmetricChains.box Agda.Builtin.Nat.Nat.suc Agda.Builtin.Nat.Nat.suc Cubical.Data.Nat.Properties.+-comm Agda.Builtin.Nat.Nat.suc Agda.Builtin.Nat.Nat.suc Agda.Builtin.Nat._+_ TheMultiPrimeDivisorLatticeIsRankSymmetricRankUnimodalAndSpernerBySymmetricChains.box Agda.Builtin.Nat.Nat.suc Agda.Builtin.Nat._+_ Cubical.Data.Nat.Properties.+-comm TheMultiPrimeDivisorLatticeIsRankSymmetricRankUnimodalAndSpernerBySymmetricChains.box Agda.Builtin.Nat.Nat.suc Agda.Builtin.Nat.Nat.suc Agda.Builtin.Nat.Nat.suc 
TheMultiPrimeDivisorLatticeIsRankSymmetricRankUnimodalAndSpernerBySymmetricChains.drop-ge	P(d:Agda.Builtin.Nat.Nat(),P(P(d:Agda.Builtin.Nat.Nat(),d:Agda.Builtin.Nat.Nat()),P(d:Agda.Builtin.Nat.Nat(),d:Agda.Builtin.Cubical.Path._≡_(d:Agda.Primitive.lzero()d:Agda.Builtin.Nat.Nat()d:TheMultiPrimeDivisorLatticeIsRankSymmetricRankUnimodalAndSpernerBySymmetricChains.drop(v2()v1()d:Agda.Builtin.Nat._+_(v2()v0()))v1(v0())))))	TheMultiPrimeDivisorLatticeIsRankSymmetricRankUnimodalAndSpernerBySymmetricChains.drop Agda.Builtin.Nat.Nat.zero Agda.Builtin.Nat._+_ Agda.Builtin.Nat.Nat.zero TheMultiPrimeDivisorLatticeIsRankSymmetricRankUnimodalAndSpernerBySymmetricChains.drop-ge 
TheMultiPrimeDivisorLatticeIsRankSymmetricRankUnimodalAndSpernerBySymmetricChains.drop-lt	P(d:Agda.Builtin.Nat.Nat(),P(d:Agda.Builtin.Nat.Nat(),P(P(d:Agda.Builtin.Nat.Nat(),d:Agda.Builtin.Nat.Nat()),d:Agda.Builtin.Cubical.Path._≡_(d:Agda.Primitive.lzero()d:Agda.Builtin.Nat.Nat()d:TheMultiPrimeDivisorLatticeIsRankSymmetricRankUnimodalAndSpernerBySymmetricChains.drop(c:Agda.Builtin.Nat.Nat.suc(d:Agda.Builtin.Nat._+_(v2()v1()))v0()v2())c:Agda.Builtin.Nat.Nat.zero()))))	TheMultiPrimeDivisorLatticeIsRankSymmetricRankUnimodalAndSpernerBySymmetricChains.drop Agda.Builtin.Nat.Nat.suc Agda.Builtin.Nat._+_ Agda.Builtin.Nat.Nat.zero Agda.Builtin.Nat.Nat.zero TheMultiPrimeDivisorLatticeIsRankSymmetricRankUnimodalAndSpernerBySymmetricChains.drop-lt 
TheMultiPrimeDivisorLatticeIsRankSymmetricRankUnimodalAndSpernerBySymmetricChains.splitLE	P(d:Agda.Builtin.Nat.Nat(),P(d:Agda.Builtin.Nat.Nat(),d:Cubical.Data.Sum.Base._⊎_(d:Agda.Primitive.lzero()d:Agda.Primitive.lzero()d:Cubical.Core.Primitives.Σ-syntax(d:Agda.Primitive.lzero()d:Agda.Primitive.lzero()d:Agda.Builtin.Nat.Nat()L(d:Agda.Builtin.Cubical.Path._≡_(d:Agda.Primitive.lzero()d:Agda.Builtin.Nat.Nat()d:Agda.Builtin.Nat._+_(v2()v0())v1())))d:Cubical.Core.Primitives.Σ-syntax(d:Agda.Primitive.lzero()d:Agda.Primitive.lzero()d:Agda.Builtin.Nat.Nat()L(d:Agda.Builtin.Cubical.Path._≡_(d:Agda.Primitive.lzero()d:Agda.Builtin.Nat.Nat()c:Agda.Builtin.Nat.Nat.suc(d:Agda.Builtin.Nat._+_(v1()v0()))v2()))))))	Cubical.Data.Sum.Base._⊎_.inl Agda.Builtin.Sigma._,_ Agda.Builtin.Nat._+_ Agda.Builtin.Nat.Nat.zero Cubical.Data.Sum.Base._⊎_.inr Agda.Builtin.Sigma._,_ Agda.Builtin.Nat.Nat.suc Agda.Builtin.Nat._+_ Agda.Builtin.Nat.Nat.zero TheMultiPrimeDivisorLatticeIsRankSymmetricRankUnimodalAndSpernerBySymmetricChains.with-500 TheMultiPrimeDivisorLatticeIsRankSymmetricRankUnimodalAndSpernerBySymmetricChains.splitLE 
BezoutIsGCD.BezN	P(d:Agda.Builtin.Nat.Nat(),P(d:Agda.Builtin.Nat.Nat(),S))	Cubical.Core.Primitives.Σ-syntax Agda.Primitive.lzero Agda.Primitive.lzero Agda.Builtin.Nat.Nat Cubical.Core.Primitives.Σ-syntax Agda.Primitive.lzero Agda.Primitive.lzero Agda.Builtin.Nat.Nat Agda.Builtin.Cubical.Path._≡_ Agda.Primitive.lzero Agda.Builtin.Nat.Nat Agda.Builtin.Nat._*_ Agda.Builtin.Nat._+_ Agda.Builtin.Nat._*_ Agda.Builtin.FromNat.Number.fromNat Cubical.Data.Nat.Literals.fromNatℕ Agda.Builtin.Unit.tt 
BezoutIsGCD.unit-from-step	P(d:Agda.Builtin.Nat.Nat(),P(d:Agda.Builtin.Nat.Nat(),P(d:Agda.Builtin.Nat.Nat(),P(d:Agda.Builtin.Cubical.Path._≡_(d:Agda.Primitive.lzero()d:Agda.Builtin.Nat.Nat()d:Agda.Builtin.Nat._*_(v2()v0())d:Agda.Builtin.Nat._+_(d:Agda.Builtin.Nat._*_(v1()v0())d:Agda.Builtin.FromNat.Number.fromNat(??d:Cubical.Data.Nat.Literals.fromNatℕ()Kc:Agda.Builtin.Unit.tt()))),d:Cubical.Data.Nat.Divisibility._∣_(v1()d:Agda.Builtin.FromNat.Number.fromNat(??d:Cubical.Data.Nat.Literals.fromNatℕ()Kc:Agda.Builtin.Unit.tt()))))))	BezoutIsGCD._.go Cubical.Data.Nat.Order.splitℕ-≤ 
BezoutIsGCD.bez-8-9	d:BezoutIsGCD.BezN(d:Agda.Builtin.FromNat.Number.fromNat(??d:Cubical.Data.Nat.Literals.fromNatℕ()Kc:Agda.Builtin.Unit.tt())d:Agda.Builtin.FromNat.Number.fromNat(??d:Cubical.Data.Nat.Literals.fromNatℕ()Kc:Agda.Builtin.Unit.tt()))	Agda.Builtin.Sigma._,_ Agda.Builtin.FromNat.Number.fromNat Cubical.Data.Nat.Literals.fromNatℕ Agda.Builtin.Unit.tt Agda.Builtin.Sigma._,_ Agda.Builtin.FromNat.Number.fromNat Cubical.Data.Nat.Literals.fromNatℕ Agda.Builtin.Unit.tt Agda.Builtin.Nat._*_ Agda.Builtin.FromNat.Number.fromNat Cubical.Data.Nat.Literals.fromNatℕ Agda.Builtin.Unit.tt Agda.Builtin.FromNat.Number.fromNat Cubical.Data.Nat.Literals.fromNatℕ Agda.Builtin.Unit.tt 
BezoutIsGCD.gcd-8-9	d:Cubical.Data.Nat.GCD.isGCD(d:Agda.Builtin.FromNat.Number.fromNat(??d:Cubical.Data.Nat.Literals.fromNatℕ()Kc:Agda.Builtin.Unit.tt())d:Agda.Builtin.FromNat.Number.fromNat(??d:Cubical.Data.Nat.Literals.fromNatℕ()Kc:Agda.Builtin.Unit.tt())d:Agda.Builtin.FromNat.Number.fromNat(??d:Cubical.Data.Nat.Literals.fromNatℕ()Kc:Agda.Builtin.Unit.tt()))	BezoutIsGCD.bezN→isGCD Agda.Builtin.FromNat.Number.fromNat Cubical.Data.Nat.Literals.fromNatℕ Agda.Builtin.Unit.tt Agda.Builtin.FromNat.Number.fromNat Cubical.Data.Nat.Literals.fromNatℕ Agda.Builtin.Unit.tt BezoutIsGCD.bez-8-9 
TheOrderFindingStepIsProvedAndANontrivialSquareRootOfOneSplitsTheModulus.double	P(d:Agda.Builtin.Nat.Nat(),d:Agda.Builtin.Cubical.Path._≡_(d:Agda.Primitive.lzero()d:Agda.Builtin.Nat.Nat()d:Agda.Builtin.Nat._*_(d:Agda.Builtin.FromNat.Number.fromNat(??d:Cubical.Data.Nat.Literals.fromNatℕ()Kc:Agda.Builtin.Unit.tt())v0())d:Agda.Builtin.Nat._+_(v0()v0())))	Agda.Builtin.Nat._+_ Cubical.Data.Nat.Properties.·-identityˡ 
TheOrderFindingStepIsProvedAndANontrivialSquareRootOfOneSplitsTheModulus.NontrivialFactor	P(d:Agda.Builtin.Nat.Nat(),P(d:Agda.Builtin.Nat.Nat(),S))	Cubical.Data.Sigma.Base._×_ Agda.Primitive.lzero Agda.Primitive.lzero Cubical.Data.Nat.Divisibility._∣_ Cubical.Data.Sigma.Base._×_ Agda.Primitive.lzero Agda.Primitive.lzero Cubical.Relation.Nullary.Base.¬_ Agda.Primitive.lzero Agda.Builtin.Cubical.Path._≡_ Agda.Primitive.lzero Agda.Builtin.Nat.Nat Agda.Builtin.FromNat.Number.fromNat Cubical.Data.Nat.Literals.fromNatℕ Agda.Builtin.Unit.tt Cubical.Relation.Nullary.Base.¬_ Agda.Primitive.lzero Agda.Builtin.Cubical.Path._≡_ Agda.Primitive.lzero Agda.Builtin.Nat.Nat 
TheOrderFindingStepIsProvedAndANontrivialSquareRootOfOneSplitsTheModulus.sqrt1-splits	P(d:Agda.Builtin.Nat.Nat(),P(d:Agda.Builtin.Nat.Nat(),P(d:Cubical.Data.Nat.Divisibility._∣_(v1()d:Agda.Builtin.Nat._-_(d:Agda.Builtin.Nat._*_(c:Agda.Builtin.Nat.Nat.suc(v0())c:Agda.Builtin.Nat.Nat.suc(v0()))d:Agda.Builtin.FromNat.Number.fromNat(??d:Cubical.Data.Nat.Literals.fromNatℕ()Kc:Agda.Builtin.Unit.tt()))),P(d:Cubical.Relation.Nullary.Base.¬_(d:Agda.Primitive.lzero()d:Cubical.Data.Nat.Divisibility._∣_(v2()v1())),P(d:Cubical.Relation.Nullary.Base.¬_(d:Agda.Primitive.lzero()d:Cubical.Data.Nat.Divisibility._∣_(v3()d:Agda.Builtin.Nat._+_(v2()d:Agda.Builtin.FromNat.Number.fromNat(??d:Cubical.Data.Nat.Literals.fromNatℕ()Kc:Agda.Builtin.Unit.tt())))),d:TheOrderFindingStepIsProvedAndANontrivialSquareRootOfOneSplitsTheModulus.NontrivialFactor(vn()d:Cubical.Data.Nat.GCD.gcd(v3()vn())))))))	Agda.Builtin.Sigma._,_ Agda.Builtin.Sigma.Σ.snd Agda.Builtin.Sigma.Σ.fst Cubical.Data.Nat.GCD.gcdIsGCD Agda.Builtin.Sigma._,_ WalkJumps.coprime-cancel Agda.Builtin.Nat._+_ Agda.Builtin.FromNat.Number.fromNat Cubical.Data.Nat.Literals.fromNatℕ Agda.Builtin.Unit.tt Cubical.Data.Nat.GCD.symGCD Agda.Builtin.FromNat.Number.fromNat Cubical.Data.Nat.Literals.fromNatℕ Agda.Builtin.Unit.tt Cubical.Data.Nat.GCD.gcd≡→isGCD Agda.Builtin.FromNat.Number.fromNat Cubical.Data.Nat.Literals.fromNatℕ Agda.Builtin.Unit.tt Cubical.Foundations.Prelude.subst Agda.Primitive.lzero Agda.Builtin.Nat.Nat Agda.Primitive.lzero Agda.Builtin.Nat._-_ Agda.Builtin.Nat._*_ Agda.Builtin.Nat.Nat.suc Agda.Builtin.Nat.Nat.suc Agda.Builtin.FromNat.Number.fromNat Cubical.Data.Nat.Literals.fromNatℕ Agda.Builtin.Unit.tt Agda.Builtin.Nat._*_ Agda.Builtin.Nat._+_ Agda.Builtin.FromNat.Number.fromNat Cubical.Data.Nat.Literals.fromNatℕ Agda.Builtin.Unit.tt Cubical.Data.Nat.Divisibility._∣_ TheOrderFindingStepIsProvedAndANontrivialSquareRootOfOneSplitsTheModulus.sq∸1 Cubical.Foundations.Prelude.subst Agda.Primitive.lzero Agda.Builtin.Nat.Nat Agda.Primitive.lzero Cubical.Data.Nat.GCD.gcd Cubical.Data.Nat.Divisibility._∣_ Agda.Builtin.Sigma.Σ.fst Agda.Builtin.Sigma.Σ.fst Cubical.Data.Nat.GCD.gcdIsGCD 
TheOrderFindingStepIsProvedAndANontrivialSquareRootOfOneSplitsTheModulus.two-to-the-fourth	d:Agda.Builtin.Cubical.Path._≡_(d:Agda.Primitive.lzero()d:Agda.Builtin.Nat.Nat()d:Agda.Builtin.Nat._-_(d:Cubical.Data.Nat.Base._^_(d:Agda.Builtin.FromNat.Number.fromNat(??d:Cubical.Data.Nat.Literals.fromNatℕ()Kc:Agda.Builtin.Unit.tt())d:Agda.Builtin.Nat._*_(d:Agda.Builtin.FromNat.Number.fromNat(??d:Cubical.Data.Nat.Literals.fromNatℕ()Kc:Agda.Builtin.Unit.tt())d:Agda.Builtin.FromNat.Number.fromNat(??d:Cubical.Data.Nat.Literals.fromNatℕ()Kc:Agda.Builtin.Unit.tt())))d:Agda.Builtin.FromNat.Number.fromNat(??d:Cubical.Data.Nat.Literals.fromNatℕ()Kc:Agda.Builtin.Unit.tt()))d:Agda.Builtin.FromNat.Number.fromNat(??d:Cubical.Data.Nat.Literals.fromNatℕ()Kc:Agda.Builtin.Unit.tt()))	Agda.Builtin.Nat._-_ Cubical.Data.Nat.Base._^_ Agda.Builtin.FromNat.Number.fromNat Cubical.Data.Nat.Literals.fromNatℕ Agda.Builtin.Unit.tt Agda.Builtin.Nat._*_ Agda.Builtin.FromNat.Number.fromNat Cubical.Data.Nat.Literals.fromNatℕ Agda.Builtin.Unit.tt Agda.Builtin.FromNat.Number.fromNat Cubical.Data.Nat.Literals.fromNatℕ Agda.Builtin.Unit.tt Agda.Builtin.FromNat.Number.fromNat Cubical.Data.Nat.Literals.fromNatℕ Agda.Builtin.Unit.tt 
TheOrderFindingStepIsProvedAndANontrivialSquareRootOfOneSplitsTheModulus.fifteen-order	d:Cubical.Data.Nat.Divisibility._∣_(d:Agda.Builtin.FromNat.Number.fromNat(??d:Cubical.Data.Nat.Literals.fromNatℕ()Kc:Agda.Builtin.Unit.tt())d:Agda.Builtin.Nat._-_(d:Cubical.Data.Nat.Base._^_(d:Agda.Builtin.FromNat.Number.fromNat(??d:Cubical.Data.Nat.Literals.fromNatℕ()Kc:Agda.Builtin.Unit.tt())d:Agda.Builtin.Nat._*_(d:Agda.Builtin.FromNat.Number.fromNat(??d:Cubical.Data.Nat.Literals.fromNatℕ()Kc:Agda.Builtin.Unit.tt())d:Agda.Builtin.FromNat.Number.fromNat(??d:Cubical.Data.Nat.Literals.fromNatℕ()Kc:Agda.Builtin.Unit.tt())))d:Agda.Builtin.FromNat.Number.fromNat(??d:Cubical.Data.Nat.Literals.fromNatℕ()Kc:Agda.Builtin.Unit.tt())))	Cubical.Data.Nat.Divisibility.∣-refl Agda.Builtin.FromNat.Number.fromNat Cubical.Data.Nat.Literals.fromNatℕ Agda.Builtin.Unit.tt Agda.Builtin.Nat._-_ Cubical.Data.Nat.Base._^_ Agda.Builtin.FromNat.Number.fromNat Cubical.Data.Nat.Literals.fromNatℕ Agda.Builtin.Unit.tt Agda.Builtin.Nat._*_ Agda.Builtin.FromNat.Number.fromNat Cubical.Data.Nat.Literals.fromNatℕ Agda.Builtin.Unit.tt Agda.Builtin.FromNat.Number.fromNat Cubical.Data.Nat.Literals.fromNatℕ Agda.Builtin.Unit.tt Agda.Builtin.FromNat.Number.fromNat Cubical.Data.Nat.Literals.fromNatℕ Agda.Builtin.Unit.tt TheOrderFindingStepIsProvedAndANontrivialSquareRootOfOneSplitsTheModulus.two-to-the-fourth Agda.Primitive.Cubical.primINeg 
TheOrderFindingStepIsProvedAndANontrivialSquareRootOfOneSplitsTheModulus.fifteen-sqrt1	d:Cubical.Data.Nat.Divisibility._∣_(d:Agda.Builtin.FromNat.Number.fromNat(??d:Cubical.Data.Nat.Literals.fromNatℕ()Kc:Agda.Builtin.Unit.tt())d:Agda.Builtin.Nat._-_(d:Agda.Builtin.Nat._*_(d:Cubical.Data.Nat.Base._^_(d:Agda.Builtin.FromNat.Number.fromNat(??d:Cubical.Data.Nat.Literals.fromNatℕ()Kc:Agda.Builtin.Unit.tt())d:Agda.Builtin.FromNat.Number.fromNat(??d:Cubical.Data.Nat.Literals.fromNatℕ()Kc:Agda.Builtin.Unit.tt()))d:Cubical.Data.Nat.Base._^_(d:Agda.Builtin.FromNat.Number.fromNat(??d:Cubical.Data.Nat.Literals.fromNatℕ()Kc:Agda.Builtin.Unit.tt())d:Agda.Builtin.FromNat.Number.fromNat(??d:Cubical.Data.Nat.Literals.fromNatℕ()Kc:Agda.Builtin.Unit.tt())))d:Agda.Builtin.FromNat.Number.fromNat(??d:Cubical.Data.Nat.Literals.fromNatℕ()Kc:Agda.Builtin.Unit.tt())))	TheOrderFindingStepIsProvedAndANontrivialSquareRootOfOneSplitsTheModulus.order→sqrt1 Agda.Builtin.FromNat.Number.fromNat Cubical.Data.Nat.Literals.fromNatℕ Agda.Builtin.Unit.tt Agda.Builtin.FromNat.Number.fromNat Cubical.Data.Nat.Literals.fromNatℕ Agda.Builtin.Unit.tt Agda.Builtin.FromNat.Number.fromNat Cubical.Data.Nat.Literals.fromNatℕ Agda.Builtin.Unit.tt TheOrderFindingStepIsProvedAndANontrivialSquareRootOfOneSplitsTheModulus.fifteen-order 
TheOrderFindingStepIsProvedAndANontrivialSquareRootOfOneSplitsTheModulus.notOne15	d:Cubical.Relation.Nullary.Base.¬_(d:Agda.Primitive.lzero()d:Cubical.Data.Nat.Divisibility._∣_(d:Agda.Builtin.FromNat.Number.fromNat(??d:Cubical.Data.Nat.Literals.fromNatℕ()Kc:Agda.Builtin.Unit.tt())d:Agda.Builtin.FromNat.Number.fromNat(??d:Cubical.Data.Nat.Literals.fromNatℕ()Kc:Agda.Builtin.Unit.tt())))	TheOrderFindingStepIsProvedAndANontrivialSquareRootOfOneSplitsTheModulus._.fifteen∤three Cubical.Data.Nat.Divisibility.∣-untrunc Agda.Builtin.FromNat.Number.fromNat Cubical.Data.Nat.Literals.fromNatℕ Agda.Builtin.Unit.tt Agda.Builtin.FromNat.Number.fromNat Cubical.Data.Nat.Literals.fromNatℕ Agda.Builtin.Unit.tt 
TheOrderFindingStepIsProvedAndANontrivialSquareRootOfOneSplitsTheModulus.notMinusOne15	d:Cubical.Relation.Nullary.Base.¬_(d:Agda.Primitive.lzero()d:Cubical.Data.Nat.Divisibility._∣_(d:Agda.Builtin.FromNat.Number.fromNat(??d:Cubical.Data.Nat.Literals.fromNatℕ()Kc:Agda.Builtin.Unit.tt())d:Agda.Builtin.FromNat.Number.fromNat(??d:Cubical.Data.Nat.Literals.fromNatℕ()Kc:Agda.Builtin.Unit.tt())))	TheOrderFindingStepIsProvedAndANontrivialSquareRootOfOneSplitsTheModulus._.fifteen∤five Cubical.Data.Nat.Divisibility.∣-untrunc Agda.Builtin.FromNat.Number.fromNat Cubical.Data.Nat.Literals.fromNatℕ Agda.Builtin.Unit.tt Agda.Builtin.FromNat.Number.fromNat Cubical.Data.Nat.Literals.fromNatℕ Agda.Builtin.Unit.tt 
TheOrderFindingStepIsProvedAndANontrivialSquareRootOfOneSplitsTheModulus.fifteen-splits	d:TheOrderFindingStepIsProvedAndANontrivialSquareRootOfOneSplitsTheModulus.NontrivialFactor(d:Agda.Builtin.FromNat.Number.fromNat(??d:Cubical.Data.Nat.Literals.fromNatℕ()Kc:Agda.Builtin.Unit.tt())d:Cubical.Data.Nat.GCD.gcd(d:Agda.Builtin.FromNat.Number.fromNat(??d:Cubical.Data.Nat.Literals.fromNatℕ()Kc:Agda.Builtin.Unit.tt())d:Agda.Builtin.FromNat.Number.fromNat(??d:Cubical.Data.Nat.Literals.fromNatℕ()Kc:Agda.Builtin.Unit.tt())))	TheOrderFindingStepIsProvedAndANontrivialSquareRootOfOneSplitsTheModulus.sqrt1-splits Agda.Builtin.FromNat.Number.fromNat Cubical.Data.Nat.Literals.fromNatℕ Agda.Builtin.Unit.tt Agda.Builtin.FromNat.Number.fromNat Cubical.Data.Nat.Literals.fromNatℕ Agda.Builtin.Unit.tt TheOrderFindingStepIsProvedAndANontrivialSquareRootOfOneSplitsTheModulus.fifteen-sqrt1 TheOrderFindingStepIsProvedAndANontrivialSquareRootOfOneSplitsTheModulus.notOne15 TheOrderFindingStepIsProvedAndANontrivialSquareRootOfOneSplitsTheModulus.notMinusOne15 
TheOrderFindingStepIsProvedAndANontrivialSquareRootOfOneSplitsTheModulus.gcd-3-15	d:Agda.Builtin.Cubical.Path._≡_(d:Agda.Primitive.lzero()d:Agda.Builtin.Nat.Nat()d:Cubical.Data.Nat.GCD.gcd(d:Agda.Builtin.FromNat.Number.fromNat(??d:Cubical.Data.Nat.Literals.fromNatℕ()Kc:Agda.Builtin.Unit.tt())d:Agda.Builtin.FromNat.Number.fromNat(??d:Cubical.Data.Nat.Literals.fromNatℕ()Kc:Agda.Builtin.Unit.tt()))d:Agda.Builtin.FromNat.Number.fromNat(??d:Cubical.Data.Nat.Literals.fromNatℕ()Kc:Agda.Builtin.Unit.tt()))	Cubical.Data.Nat.GCD.gcd Agda.Builtin.FromNat.Number.fromNat Cubical.Data.Nat.Literals.fromNatℕ Agda.Builtin.Unit.tt Agda.Builtin.FromNat.Number.fromNat Cubical.Data.Nat.Literals.fromNatℕ Agda.Builtin.Unit.tt 
TheOrderFindingStepIsProvedAndANontrivialSquareRootOfOneSplitsTheModulus.one-is-a-square-root	d:Cubical.Data.Nat.Divisibility._∣_(d:Agda.Builtin.FromNat.Number.fromNat(??d:Cubical.Data.Nat.Literals.fromNatℕ()Kc:Agda.Builtin.Unit.tt())d:Agda.Builtin.Nat._-_(d:Agda.Builtin.Nat._*_(c:Agda.Builtin.Nat.Nat.suc(d:Agda.Builtin.FromNat.Number.fromNat(??d:Cubical.Data.Nat.Literals.fromNatℕ()Kc:Agda.Builtin.Unit.tt()))c:Agda.Builtin.Nat.Nat.suc(d:Agda.Builtin.FromNat.Number.fromNat(??d:Cubical.Data.Nat.Literals.fromNatℕ()Kc:Agda.Builtin.Unit.tt())))d:Agda.Builtin.FromNat.Number.fromNat(??d:Cubical.Data.Nat.Literals.fromNatℕ()Kc:Agda.Builtin.Unit.tt())))	Cubical.Data.Nat.Divisibility.∣-zeroʳ Agda.Builtin.FromNat.Number.fromNat Cubical.Data.Nat.Literals.fromNatℕ Agda.Builtin.Unit.tt 
TheOrderFindingStepIsProvedAndANontrivialSquareRootOfOneSplitsTheModulus.one-gives-back-N	d:Agda.Builtin.Cubical.Path._≡_(d:Agda.Primitive.lzero()d:Agda.Builtin.Nat.Nat()d:Cubical.Data.Nat.GCD.gcd(d:Agda.Builtin.FromNat.Number.fromNat(??d:Cubical.Data.Nat.Literals.fromNatℕ()Kc:Agda.Builtin.Unit.tt())d:Agda.Builtin.FromNat.Number.fromNat(??d:Cubical.Data.Nat.Literals.fromNatℕ()Kc:Agda.Builtin.Unit.tt()))d:Agda.Builtin.FromNat.Number.fromNat(??d:Cubical.Data.Nat.Literals.fromNatℕ()Kc:Agda.Builtin.Unit.tt()))	Cubical.Data.Nat.GCD.gcd Agda.Builtin.FromNat.Number.fromNat Cubical.Data.Nat.Literals.fromNatℕ Agda.Builtin.Unit.tt Agda.Builtin.FromNat.Number.fromNat Cubical.Data.Nat.Literals.fromNatℕ Agda.Builtin.Unit.tt 
AConcreteKeypairRunsInACyclicGroupWhereTheModThatExhaustsTheHeapIsNotNeeded.pow	P(d:AConcreteKeypairRunsInACyclicGroupWhereTheModThatExhaustsTheHeapIsNotNeeded.C₃(),P(d:Agda.Builtin.Nat.Nat(),d:AConcreteKeypairRunsInACyclicGroupWhereTheModThatExhaustsTheHeapIsNotNeeded.C₃()))	TheRSAPrivateKeyIsThePulverizersWitnessAndDecryptionIsPingalasExponentiation._.घात Agda.Primitive.lzero AConcreteKeypairRunsInACyclicGroupWhereTheModThatExhaustsTheHeapIsNotNeeded.C₃ AConcreteKeypairRunsInACyclicGroupWhereTheModThatExhaustsTheHeapIsNotNeeded.C₃-mon 
BuchstabDegree.St	S	BuchstabDegree.V Agda.Builtin.Nat.Nat 
BuchstabDegree.C	P(d:BuchstabDegree.St(),d:BuchstabDegree.St())	BuchstabDegree.V.r BuchstabDegree.V.r BuchstabDegree.V.a BuchstabDegree.V.a BuchstabDegree.V.b BuchstabDegree.V.b 
BuchstabDegree.D	P(d:BuchstabDegree.St(),d:BuchstabDegree.St())	Agda.Builtin.Nat._+_ BuchstabDegree.V.a BuchstabDegree.V.b Agda.Builtin.Nat._+_ BuchstabDegree.V.a1 BuchstabDegree.V.a2 Agda.Builtin.Nat._+_ BuchstabDegree.V.b1 BuchstabDegree.V.b2 
BuchstabDegree.A	P(d:BuchstabDegree.St(),d:BuchstabDegree.St())	Agda.Builtin.Nat._+_ BuchstabDegree.C BuchstabDegree.D 
BuchstabDegree.lvl	P(d:BuchstabDegree.V(),d:Agda.Builtin.Nat.Nat())	
BuchstabDegree.parent-return	P(d:BuchstabDegree.St(),d:BuchstabDegree.St())	Agda.Builtin.Nat._+_ BuchstabDegree.C BuchstabDegree.D Agda.Builtin.Nat._+_ BuchstabDegree.D BuchstabDegree.C BuchstabDegree.D BuchstabDegree.D 
BuchstabDegree.return-at-root	d:Agda.Builtin.Cubical.Path._≡_(d:Agda.Primitive.lzero()d:Agda.Builtin.Nat.Nat()d:BuchstabDegree.parent-return(d:BuchstabDegree.δr()c:BuchstabDegree.V.r())K)	BuchstabDegree.parent-return BuchstabDegree.δr BuchstabDegree.V.r 
CRTChain.Prod	P(d:Agda.Builtin.List.List(d:Agda.Primitive.lzero()d:Agda.Builtin.Nat.Nat()),d:Agda.Builtin.Nat.Nat())	Agda.Builtin.Nat._+_ Agda.Builtin.Nat._+_ CRTChain.Prod Agda.Builtin.Nat._*_ CRTChain.Prod 
CRTChain.prodStep	P(d:Agda.Builtin.Nat.Nat(),P(d:Agda.Builtin.Nat.Nat(),d:Agda.Builtin.Cubical.Path._≡_(d:Agda.Primitive.lzero()d:Agda.Builtin.Nat.Nat()d:Agda.Builtin.Nat._*_(c:Agda.Builtin.Nat.Nat.suc(v1())c:Agda.Builtin.Nat.Nat.suc(v0()))c:Agda.Builtin.Nat.Nat.suc(d:Agda.Builtin.Nat._+_(d:Agda.Builtin.Nat._+_(v1()v0())d:Agda.Builtin.Nat._*_(v1()v0()))))))	Cubical.Foundations.Prelude._∙_ Agda.Primitive.lzero Agda.Builtin.Nat.Nat Agda.Builtin.Nat._+_ Agda.Builtin.Nat.Nat.suc Agda.Builtin.Nat._*_ Agda.Builtin.Nat.Nat.suc Agda.Builtin.Nat._+_ Agda.Builtin.Nat.Nat.suc Agda.Builtin.Nat._+_ Agda.Builtin.Nat._*_ Agda.Builtin.Nat.Nat.suc Agda.Builtin.Nat._+_ Agda.Builtin.Nat._+_ Agda.Builtin.Nat._*_ Agda.Builtin.Nat._+_ Agda.Builtin.Nat.Nat.suc Cubical.Data.Nat.Properties.·-suc Agda.Builtin.Nat.Nat.suc CRTChain._.rearr 
CRTChain.Vec	P(d:Agda.Builtin.List.List(d:Agda.Primitive.lzero()d:Agda.Builtin.Nat.Nat()),S)	Agda.Builtin.Unit.⊤ Cubical.Data.Sigma.Base._×_ Agda.Primitive.lzero Agda.Primitive.lzero Cubical.Data.Fin.Base.Fin Agda.Builtin.Nat.Nat.suc CRTChain.Vec 
CRTChain.Coprimes	P(d:Agda.Builtin.List.List(d:Agda.Primitive.lzero()d:Agda.Builtin.Nat.Nat()),S)	Agda.Builtin.Unit.⊤ Cubical.Data.Sigma.Base._×_ Agda.Primitive.lzero Agda.Primitive.lzero Cubical.Data.Nat.GCD.isGCD Agda.Builtin.Nat.Nat.suc Agda.Builtin.Nat.Nat.suc CRTChain.Prod CRTChain.Coprimes 
CRTChain.crtChain	P(d:Agda.Builtin.List.List(d:Agda.Primitive.lzero()d:Agda.Builtin.Nat.Nat()),P(d:CRTChain.Coprimes(v0()),d:Agda.Builtin.Cubical.Equiv._≃_(d:Agda.Primitive.lzero()d:Agda.Primitive.lzero()d:Cubical.Data.Fin.Base.Fin(c:Agda.Builtin.Nat.Nat.suc(d:CRTChain.Prod(v1())))d:CRTChain.Vec(v1()))))	Cubical.Foundations.Equiv.isContr→Equiv Agda.Primitive.lzero Cubical.Data.Fin.Base.Fin Agda.Builtin.FromNat.Number.fromNat Cubical.Data.Nat.Literals.fromNatℕ Agda.Builtin.Unit.tt Agda.Primitive.lzero Agda.Builtin.Unit.⊤ Cubical.Data.Fin.Properties.isContrFin1 Cubical.Data.Unit.Properties.isContrUnit Cubical.Foundations.Prelude.subst Agda.Primitive.lzero Agda.Builtin.Nat.Nat Agda.Primitive.lzero Agda.Builtin.Nat._*_ Agda.Builtin.Nat.Nat.suc Agda.Builtin.Nat.Nat.suc CRTChain.Prod Agda.Builtin.Nat.Nat.suc Agda.Builtin.Nat._+_ Agda.Builtin.Nat._+_ CRTChain.Prod Agda.Builtin.Nat._*_ CRTChain.Prod Agda.Builtin.Cubical.Equiv._≃_ Agda.Primitive.lzero Agda.Primitive.lzero Cubical.Data.Fin.Base.Fin CRTChain.Vec Agda.Builtin.List.List._∷_ CRTChain.prodStep CRTChain.Prod Cubical.Foundations.Equiv.compEquiv Agda.Primitive.lzero Cubical.Data.Fin.Base.Fin Agda.Builtin.Nat._*_ Agda.Builtin.Nat.Nat.suc Agda.Builtin.Nat.Nat.suc CRTChain.Prod Agda.Primitive.lzero Cubical.Data.Sigma.Base._×_ Agda.Primitive.lzero Agda.Primitive.lzero Cubical.Data.Fin.Base.Fin Agda.Builtin.Nat.Nat.suc Cubical.Data.Fin.Base.Fin Agda.Builtin.Nat.Nat.suc CRTChain.Prod Agda.Primitive.lzero Cubical.Data.Sigma.Base._×_ Agda.Primitive.lzero Agda.Primitive.lzero Cubical.Data.Fin.Base.Fin Agda.Builtin.Nat.Nat.suc CRTChain.Vec FinCardinality.crtEquiv CRTChain.Prod Cubical.Data.Sigma.Properties.≃-× Agda.Primitive.lzero Agda.Primitive.lzero Agda.Primitive.lzero Agda.Primitive.lzero Cubical.Data.Fin.Base.Fin Agda.Builtin.Nat.Nat.suc Cubical.Data.Fin.Base.Fin Agda.Builtin.Nat.Nat.suc CRTChain.Prod Cubical.Data.Fin.Base.Fin Agda.Builtin.Nat.Nat.suc CRTChain.Vec Cubical.Foundations.Equiv.Base.idEquiv Agda.Primitive.lzero Cubical.Data.Fin.Base.Fin Agda.Builtin.Nat.Nat.suc CRTChain.crtChain 
CRTChain.walk8	d:Agda.Builtin.List.List(d:Agda.Primitive.lzero()d:Agda.Builtin.Nat.Nat())	Agda.Builtin.List.List._∷_ Agda.Builtin.List.List._∷_ Agda.Builtin.List.List._∷_ Agda.Builtin.List.List._∷_ Agda.Builtin.List.List.[] 
CRTChain.walk8-prod	d:Agda.Builtin.Cubical.Path._≡_(d:Agda.Primitive.lzero()d:Agda.Builtin.Nat.Nat()d:CRTChain.Prod(d:CRTChain.walk8())K)	CRTChain.Prod CRTChain.walk8 
CRTChain.walk8-coprimes	d:CRTChain.Coprimes(d:CRTChain.walk8())	Agda.Builtin.Sigma._,_ Cubical.Data.Nat.GCD.gcd≡→isGCD Agda.Builtin.Nat.Nat.suc Agda.Builtin.Nat.Nat.suc CRTChain.Prod Agda.Builtin.List.List._∷_ Agda.Builtin.List.List._∷_ Agda.Builtin.List.List._∷_ Agda.Builtin.List.List.[] Cubical.Data.Nat.GCD.gcd Agda.Builtin.Nat.Nat.suc Agda.Builtin.Nat.Nat.suc CRTChain.Prod Agda.Builtin.List.List._∷_ Agda.Builtin.List.List._∷_ Agda.Builtin.List.List._∷_ Agda.Builtin.List.List.[] Cubical.Data.Nat.GCD.gcd Agda.Builtin.Nat.Nat.suc Agda.Builtin.Nat.Nat.suc CRTChain.Prod Agda.Builtin.List.List._∷_ Agda.Builtin.List.List._∷_ Agda.Builtin.List.List._∷_ Agda.Builtin.List.List.[] Agda.Builtin.Sigma._,_ Cubical.Data.Nat.GCD.gcd≡→isGCD Agda.Builtin.Nat.Nat.suc Agda.Builtin.Nat.Nat.suc CRTChain.Prod Agda.Builtin.List.List._∷_ Agda.Builtin.List.List._∷_ Agda.Builtin.List.List.[] Cubical.Data.Nat.GCD.gcd Agda.Builtin.Nat.Nat.suc Agda.Builtin.Nat.Nat.suc CRTChain.Prod Agda.Builtin.List.List._∷_ Agda.Builtin.List.List._∷_ Agda.Builtin.List.List.[] Cubical.Data.Nat.GCD.gcd Agda.Builtin.Nat.Nat.suc Agda.Builtin.Nat.Nat.suc CRTChain.Prod Agda.Builtin.List.List._∷_ Agda.Builtin.List.List._∷_ Agda.Builtin.List.List.[] Agda.Builtin.Sigma._,_ Cubical.Data.Nat.GCD.gcd≡→isGCD Agda.Builtin.Nat.Nat.suc Agda.Builtin.Nat.Nat.suc CRTChain.Prod Agda.Builtin.List.List._∷_ Agda.Builtin.List.List.[] Cubical.Data.Nat.GCD.gcd Agda.Builtin.Nat.Nat.suc Agda.Builtin.Nat.Nat.suc CRTChain.Prod Agda.Builtin.List.List._∷_ Agda.Builtin.List.List.[] Cubical.Data.Nat.GCD.gcd Agda.Builtin.Nat.Nat.suc Agda.Builtin.Nat.Nat.suc CRTChain.Prod Agda.Builtin.List.List._∷_ Agda.Builtin.List.List.[] Agda.Builtin.Sigma._,_ Cubical.Data.Nat.GCD.gcd≡→isGCD Agda.Builtin.Nat.Nat.suc Agda.Builtin.Nat.Nat.suc CRTChain.Prod Agda.Builtin.List.List.[] Cubical.Data.Nat.GCD.gcd Agda.Builtin.Nat.Nat.suc Agda.Builtin.Nat.Nat.suc CRTChain.Prod Agda.Builtin.List.List.[] Cubical.Data.Nat.GCD.gcd Agda.Builtin.Nat.Nat.suc Agda.Builtin.Nat.Nat.suc CRTChain.Prod Agda.Builtin.List.List.[] Agda.Builtin.Unit.tt 
CRTChain.walk8-residues	d:Agda.Builtin.Cubical.Equiv._≃_(d:Agda.Primitive.lzero()d:Agda.Primitive.lzero()d:Cubical.Data.Fin.Base.Fin(K)d:CRTChain.Vec(d:CRTChain.walk8()))	CRTChain.crtChain CRTChain.walk8 CRTChain.walk8-coprimes 
CakravalaNat.ca	P(d:Agda.Builtin.Nat.Nat(),P(d:Agda.Builtin.Nat.Nat(),P(d:Agda.Builtin.Nat.Nat(),P(d:Agda.Builtin.Nat.Nat(),d:Agda.Builtin.Nat.Nat()))))	Agda.Builtin.Nat._+_ Agda.Builtin.Nat._*_ Agda.Builtin.Nat._*_ 
CakravalaNat.cb	P(d:Agda.Builtin.Nat.Nat(),P(d:Agda.Builtin.Nat.Nat(),P(d:Agda.Builtin.Nat.Nat(),d:Agda.Builtin.Nat.Nat())))	Agda.Builtin.Nat._+_ Agda.Builtin.Nat._*_ 
CakravalaWitness.D	d:Agda.Builtin.Nat.Nat()	
CakravalaWitness.turn0	d:Agda.Builtin.Cubical.Path._≡_(d:Agda.Primitive.lzero()d:Agda.Builtin.Nat.Nat()d:Agda.Builtin.Nat._+_(d:Agda.Builtin.Nat._*_(d:CakravalaNat.ca(d:CakravalaWitness.D()KKK)d:CakravalaNat.ca(d:CakravalaWitness.D()KKK))d:Agda.Builtin.Nat._+_(d:Agda.Builtin.Nat._*_(d:CakravalaWitness.D()d:Agda.Builtin.Nat._*_(KK))d:Agda.Builtin.Nat._*_(d:CakravalaWitness.D()d:Agda.Builtin.Nat._*_(d:Agda.Builtin.Nat._*_(KK)d:Agda.Builtin.Nat._*_(KK)))))d:Agda.Builtin.Nat._+_(d:Agda.Builtin.Nat._*_(d:Agda.Builtin.Nat._*_(KK)d:Agda.Builtin.Nat._*_(KK))d:Agda.Builtin.Nat._+_(d:Agda.Builtin.Nat._*_(d:Agda.Builtin.Nat._*_(d:CakravalaWitness.D()d:CakravalaWitness.D())d:Agda.Builtin.Nat._*_(KK))d:Agda.Builtin.Nat._*_(d:CakravalaWitness.D()d:Agda.Builtin.Nat._*_(d:CakravalaNat.cb(KKK)d:CakravalaNat.cb(KKK))))))	CakravalaNat.cakravalaℕ CakravalaWitness.D 
CakravalaWitness.turn1	d:Agda.Builtin.Cubical.Path._≡_(d:Agda.Primitive.lzero()d:Agda.Builtin.Nat.Nat()d:Agda.Builtin.Nat._+_(d:Agda.Builtin.Nat._*_(d:CakravalaNat.ca(d:CakravalaWitness.D()KKK)d:CakravalaNat.ca(d:CakravalaWitness.D()KKK))d:Agda.Builtin.Nat._+_(d:Agda.Builtin.Nat._*_(d:CakravalaWitness.D()d:Agda.Builtin.Nat._*_(KK))d:Agda.Builtin.Nat._*_(d:CakravalaWitness.D()d:Agda.Builtin.Nat._*_(d:Agda.Builtin.Nat._*_(KK)d:Agda.Builtin.Nat._*_(KK)))))d:Agda.Builtin.Nat._+_(d:Agda.Builtin.Nat._*_(d:Agda.Builtin.Nat._*_(KK)d:Agda.Builtin.Nat._*_(KK))d:Agda.Builtin.Nat._+_(d:Agda.Builtin.Nat._*_(d:Agda.Builtin.Nat._*_(d:CakravalaWitness.D()d:CakravalaWitness.D())d:Agda.Builtin.Nat._*_(KK))d:Agda.Builtin.Nat._*_(d:CakravalaWitness.D()d:Agda.Builtin.Nat._*_(d:CakravalaNat.cb(KKK)d:CakravalaNat.cb(KKK))))))	CakravalaNat.cakravalaℕ CakravalaWitness.D 
CakravalaWitness.turn2	d:Agda.Builtin.Cubical.Path._≡_(d:Agda.Primitive.lzero()d:Agda.Builtin.Nat.Nat()d:Agda.Builtin.Nat._+_(d:Agda.Builtin.Nat._*_(d:CakravalaNat.ca(d:CakravalaWitness.D()KKK)d:CakravalaNat.ca(d:CakravalaWitness.D()KKK))d:Agda.Builtin.Nat._+_(d:Agda.Builtin.Nat._*_(d:CakravalaWitness.D()d:Agda.Builtin.Nat._*_(KK))d:Agda.Builtin.Nat._*_(d:CakravalaWitness.D()d:Agda.Builtin.Nat._*_(d:Agda.Builtin.Nat._*_(KK)d:Agda.Builtin.Nat._*_(KK)))))d:Agda.Builtin.Nat._+_(d:Agda.Builtin.Nat._*_(d:Agda.Builtin.Nat._*_(KK)d:Agda.Builtin.Nat._*_(KK))d:Agda.Builtin.Nat._+_(d:Agda.Builtin.Nat._*_(d:Agda.Builtin.Nat._*_(d:CakravalaWitness.D()d:CakravalaWitness.D())d:Agda.Builtin.Nat._*_(KK))d:Agda.Builtin.Nat._*_(d:CakravalaWitness.D()d:Agda.Builtin.Nat._*_(d:CakravalaNat.cb(KKK)d:CakravalaNat.cb(KKK))))))	CakravalaNat.cakravalaℕ CakravalaWitness.D 
CakravalaWitness.turn3	d:Agda.Builtin.Cubical.Path._≡_(d:Agda.Primitive.lzero()d:Agda.Builtin.Nat.Nat()d:Agda.Builtin.Nat._+_(d:Agda.Builtin.Nat._*_(d:CakravalaNat.ca(d:CakravalaWitness.D()KKK)d:CakravalaNat.ca(d:CakravalaWitness.D()KKK))d:Agda.Builtin.Nat._+_(d:Agda.Builtin.Nat._*_(d:CakravalaWitness.D()d:Agda.Builtin.Nat._*_(KK))d:Agda.Builtin.Nat._*_(d:CakravalaWitness.D()d:Agda.Builtin.Nat._*_(d:Agda.Builtin.Nat._*_(KK)d:Agda.Builtin.Nat._*_(KK)))))d:Agda.Builtin.Nat._+_(d:Agda.Builtin.Nat._*_(d:Agda.Builtin.Nat._*_(KK)d:Agda.Builtin.Nat._*_(KK))d:Agda.Builtin.Nat._+_(d:Agda.Builtin.Nat._*_(d:Agda.Builtin.Nat._*_(d:CakravalaWitness.D()d:CakravalaWitness.D())d:Agda.Builtin.Nat._*_(KK))d:Agda.Builtin.Nat._*_(d:CakravalaWitness.D()d:Agda.Builtin.Nat._*_(d:CakravalaNat.cb(KKK)d:CakravalaNat.cb(KKK))))))	CakravalaNat.cakravalaℕ CakravalaWitness.D 
CakravalaWitness.turn4	d:Agda.Builtin.Cubical.Path._≡_(d:Agda.Primitive.lzero()d:Agda.Builtin.Nat.Nat()d:Agda.Builtin.Nat._+_(d:Agda.Builtin.Nat._*_(d:CakravalaNat.ca(d:CakravalaWitness.D()KKK)d:CakravalaNat.ca(d:CakravalaWitness.D()KKK))d:Agda.Builtin.Nat._+_(d:Agda.Builtin.Nat._*_(d:CakravalaWitness.D()d:Agda.Builtin.Nat._*_(KK))d:Agda.Builtin.Nat._*_(d:CakravalaWitness.D()d:Agda.Builtin.Nat._*_(d:Agda.Builtin.Nat._*_(KK)d:Agda.Builtin.Nat._*_(KK)))))d:Agda.Builtin.Nat._+_(d:Agda.Builtin.Nat._*_(d:Agda.Builtin.Nat._*_(KK)d:Agda.Builtin.Nat._*_(KK))d:Agda.Builtin.Nat._+_(d:Agda.Builtin.Nat._*_(d:Agda.Builtin.Nat._*_(d:CakravalaWitness.D()d:CakravalaWitness.D())d:Agda.Builtin.Nat._*_(KK))d:Agda.Builtin.Nat._*_(d:CakravalaWitness.D()d:Agda.Builtin.Nat._*_(d:CakravalaNat.cb(KKK)d:CakravalaNat.cb(KKK))))))	CakravalaNat.cakravalaℕ CakravalaWitness.D 
CakravalaWitness.turn5	d:Agda.Builtin.Cubical.Path._≡_(d:Agda.Primitive.lzero()d:Agda.Builtin.Nat.Nat()d:Agda.Builtin.Nat._+_(d:Agda.Builtin.Nat._*_(d:CakravalaNat.ca(d:CakravalaWitness.D()KKK)d:CakravalaNat.ca(d:CakravalaWitness.D()KKK))d:Agda.Builtin.Nat._+_(d:Agda.Builtin.Nat._*_(d:CakravalaWitness.D()d:Agda.Builtin.Nat._*_(KK))d:Agda.Builtin.Nat._*_(d:CakravalaWitness.D()d:Agda.Builtin.Nat._*_(d:Agda.Builtin.Nat._*_(KK)d:Agda.Builtin.Nat._*_(KK)))))d:Agda.Builtin.Nat._+_(d:Agda.Builtin.Nat._*_(d:Agda.Builtin.Nat._*_(KK)d:Agda.Builtin.Nat._*_(KK))d:Agda.Builtin.Nat._+_(d:Agda.Builtin.Nat._*_(d:Agda.Builtin.Nat._*_(d:CakravalaWitness.D()d:CakravalaWitness.D())d:Agda.Builtin.Nat._*_(KK))d:Agda.Builtin.Nat._*_(d:CakravalaWitness.D()d:Agda.Builtin.Nat._*_(d:CakravalaNat.cb(KKK)d:CakravalaNat.cb(KKK))))))	CakravalaNat.cakravalaℕ CakravalaWitness.D 
CakravalaWitness.turn6	d:Agda.Builtin.Cubical.Path._≡_(d:Agda.Primitive.lzero()d:Agda.Builtin.Nat.Nat()d:Agda.Builtin.Nat._+_(d:Agda.Builtin.Nat._*_(d:CakravalaNat.ca(d:CakravalaWitness.D()KKK)d:CakravalaNat.ca(d:CakravalaWitness.D()KKK))d:Agda.Builtin.Nat._+_(d:Agda.Builtin.Nat._*_(d:CakravalaWitness.D()d:Agda.Builtin.Nat._*_(KK))d:Agda.Builtin.Nat._*_(d:CakravalaWitness.D()d:Agda.Builtin.Nat._*_(d:Agda.Builtin.Nat._*_(KK)d:Agda.Builtin.Nat._*_(KK)))))d:Agda.Builtin.Nat._+_(d:Agda.Builtin.Nat._*_(d:Agda.Builtin.Nat._*_(KK)d:Agda.Builtin.Nat._*_(KK))d:Agda.Builtin.Nat._+_(d:Agda.Builtin.Nat._*_(d:Agda.Builtin.Nat._*_(d:CakravalaWitness.D()d:CakravalaWitness.D())d:Agda.Builtin.Nat._*_(KK))d:Agda.Builtin.Nat._*_(d:CakravalaWitness.D()d:Agda.Builtin.Nat._*_(d:CakravalaNat.cb(KKK)d:CakravalaNat.cb(KKK))))))	CakravalaNat.cakravalaℕ CakravalaWitness.D 
CakravalaWitness.turn7	d:Agda.Builtin.Cubical.Path._≡_(d:Agda.Primitive.lzero()d:Agda.Builtin.Nat.Nat()d:Agda.Builtin.Nat._+_(d:Agda.Builtin.Nat._*_(d:CakravalaNat.ca(d:CakravalaWitness.D()KKK)d:CakravalaNat.ca(d:CakravalaWitness.D()KKK))d:Agda.Builtin.Nat._+_(d:Agda.Builtin.Nat._*_(d:CakravalaWitness.D()d:Agda.Builtin.Nat._*_(KK))d:Agda.Builtin.Nat._*_(d:CakravalaWitness.D()d:Agda.Builtin.Nat._*_(d:Agda.Builtin.Nat._*_(KK)d:Agda.Builtin.Nat._*_(KK)))))d:Agda.Builtin.Nat._+_(d:Agda.Builtin.Nat._*_(d:Agda.Builtin.Nat._*_(KK)d:Agda.Builtin.Nat._*_(KK))d:Agda.Builtin.Nat._+_(d:Agda.Builtin.Nat._*_(d:Agda.Builtin.Nat._*_(d:CakravalaWitness.D()d:CakravalaWitness.D())d:Agda.Builtin.Nat._*_(KK))d:Agda.Builtin.Nat._*_(d:CakravalaWitness.D()d:Agda.Builtin.Nat._*_(d:CakravalaNat.cb(KKK)d:CakravalaNat.cb(KKK))))))	CakravalaNat.cakravalaℕ CakravalaWitness.D 
CakravalaWitness.divA0	d:Agda.Builtin.Cubical.Path._≡_(d:Agda.Primitive.lzero()d:Agda.Builtin.Nat.Nat()d:Agda.Builtin.Nat._+_(d:Agda.Builtin.Nat._*_(KK)d:Agda.Builtin.Nat._*_(d:CakravalaWitness.D()K))d:Agda.Builtin.Nat._*_(KK))	Agda.Builtin.Nat._+_ Agda.Builtin.Nat._*_ Agda.Builtin.Nat._*_ CakravalaWitness.D 
CakravalaWitness.divB0	d:Agda.Builtin.Cubical.Path._≡_(d:Agda.Primitive.lzero()d:Agda.Builtin.Nat.Nat()d:Agda.Builtin.Nat._+_(Kd:Agda.Builtin.Nat._*_(KK))d:Agda.Builtin.Nat._*_(KK))	Agda.Builtin.Nat._+_ Agda.Builtin.Nat._*_ 
CakravalaWitness.divK0	d:Agda.Builtin.Cubical.Path._≡_(d:Agda.Primitive.lzero()d:Agda.Builtin.Nat.Nat()d:Agda.Builtin.Nat._+_(d:Agda.Builtin.Nat._*_(KK)d:Agda.Builtin.Nat._*_(KK))d:CakravalaWitness.D())	Agda.Builtin.Nat._+_ Agda.Builtin.Nat._*_ Agda.Builtin.Nat._*_ 
CarryFiber.wt	P(d:CarryFiber.Digit(),d:Agda.Builtin.Nat.Nat())	
CarryFiber.Word	S	Cubical.Data.Sigma.Base._×_ Agda.Primitive.lzero Agda.Primitive.lzero CarryFiber.Digit CarryFiber.Digit 
CarryFiber.value	P(d:CarryFiber.Word(),d:Agda.Builtin.Nat.Nat())	Agda.Builtin.Nat._+_ CarryFiber.wt Agda.Builtin.Nat._+_ CarryFiber.wt CarryFiber.wt 
CarryFiber.Fib	P(d:Agda.Builtin.Nat.Nat(),S)	Cubical.Core.Primitives.Σ-syntax Agda.Primitive.lzero Agda.Primitive.lzero CarryFiber.Word Agda.Builtin.Cubical.Path._≡_ Agda.Primitive.lzero Agda.Builtin.Nat.Nat CarryFiber.value 
CarryFiber.Is1	P(d:Agda.Builtin.Nat.Nat(),S)	Cubical.Data.Empty.Base.⊥ Agda.Builtin.Unit.⊤ Cubical.Data.Empty.Base.⊥ 
CarryFiber.DCode	P(d:CarryFiber.Digit(),S)	Cubical.Data.Empty.Base.⊥ Cubical.Data.Empty.Base.⊥ Agda.Builtin.Unit.⊤ 
CarryFiber.pt1	d:CarryFiber.Fib(K)	Agda.Builtin.Sigma._,_ Agda.Builtin.Sigma._,_ CarryFiber.Digit.d1 CarryFiber.Digit.d0 CarryFiber.value Agda.Builtin.Sigma._,_ CarryFiber.Digit.d1 CarryFiber.Digit.d0 
CarryFiber.wordPath1	P(d:CarryFiber.Digit(),P(d:CarryFiber.Digit(),P(d:Agda.Builtin.Cubical.Path._≡_(d:Agda.Primitive.lzero()d:Agda.Builtin.Nat.Nat()d:CarryFiber.value(c:Agda.Builtin.Sigma._,_(????v1()v0()))K),d:Cubical.Core.Primitives.Path(d:Agda.Primitive.lzero()d:CarryFiber.Word()c:Agda.Builtin.Sigma._,_(????c:CarryFiber.Digit.d1()c:CarryFiber.Digit.d0())c:Agda.Builtin.Sigma._,_(????v2()v1())))))	Cubical.Data.Empty.Base.rec Agda.Primitive.lzero Cubical.Core.Primitives.Path Agda.Primitive.lzero CarryFiber.Word Agda.Builtin.Sigma._,_ CarryFiber.Digit.d1 CarryFiber.Digit.d0 Agda.Builtin.Sigma._,_ CarryFiber.Digit.d0 CarryFiber.Digit.d0 Cubical.Foundations.Prelude.subst Agda.Primitive.lzero Agda.Builtin.Nat.Nat Agda.Primitive.lzero CarryFiber.value Agda.Builtin.Sigma._,_ CarryFiber.Digit.d0 CarryFiber.Digit.d0 CarryFiber.Is1 Agda.Primitive.Cubical.primINeg Agda.Builtin.Unit.tt Agda.Builtin.Sigma._,_ CarryFiber.Digit.d1 CarryFiber.Digit.d0 Cubical.Data.Empty.Base.rec Agda.Primitive.lzero Cubical.Core.Primitives.Path Agda.Primitive.lzero CarryFiber.Word Agda.Builtin.Sigma._,_ CarryFiber.Digit.d1 CarryFiber.Digit.d0 Agda.Builtin.Sigma._,_ CarryFiber.Digit.d2 CarryFiber.Digit.d0 Cubical.Foundations.Prelude.subst Agda.Primitive.lzero Agda.Builtin.Nat.Nat Agda.Primitive.lzero CarryFiber.value Agda.Builtin.Sigma._,_ CarryFiber.Digit.d2 CarryFiber.Digit.d0 CarryFiber.Is1 Agda.Primitive.Cubical.primINeg Agda.Builtin.Unit.tt Cubical.Data.Empty.Base.rec Agda.Primitive.lzero Cubical.Core.Primitives.Path Agda.Primitive.lzero CarryFiber.Word Agda.Builtin.Sigma._,_ CarryFiber.Digit.d1 CarryFiber.Digit.d0 Agda.Builtin.Sigma._,_ CarryFiber.Digit.d0 CarryFiber.Digit.d1 Cubical.Foundations.Prelude.subst Agda.Primitive.lzero Agda.Builtin.Nat.Nat Agda.Primitive.lzero CarryFiber.value Agda.Builtin.Sigma._,_ CarryFiber.Digit.d0 CarryFiber.Digit.d1 CarryFiber.Is1 Agda.Primitive.Cubical.primINeg Agda.Builtin.Unit.tt Cubical.Data.Empty.Base.rec Agda.Primitive.lzero Cubical.Core.Primitives.Path Agda.Primitive.lzero CarryFiber.Word Agda.Builtin.Sigma._,_ CarryFiber.Digit.d1 CarryFiber.Digit.d0 Agda.Builtin.Sigma._,_ CarryFiber.Digit.d1 CarryFiber.Digit.d1 Cubical.Foundations.Prelude.subst Agda.Primitive.lzero Agda.Builtin.Nat.Nat Agda.Primitive.lzero CarryFiber.value Agda.Builtin.Sigma._,_ CarryFiber.Digit.d1 CarryFiber.Digit.d1 CarryFiber.Is1 Agda.Primitive.Cubical.primINeg Agda.Builtin.Unit.tt Cubical.Data.Empty.Base.rec Agda.Primitive.lzero Cubical.Core.Primitives.Path Agda.Primitive.lzero CarryFiber.Word Agda.Builtin.Sigma._,_ CarryFiber.Digit.d1 CarryFiber.Digit.d0 Agda.Builtin.Sigma._,_ CarryFiber.Digit.d2 CarryFiber.Digit.d1 Cubical.Foundations.Prelude.subst Agda.Primitive.lzero Agda.Builtin.Nat.Nat Agda.Primitive.lzero CarryFiber.value Agda.Builtin.Sigma._,_ CarryFiber.Digit.d2 CarryFiber.Digit.d1 CarryFiber.Is1 Agda.Primitive.Cubical.primINeg Agda.Builtin.Unit.tt Cubical.Data.Empty.Base.rec Agda.Primitive.lzero Cubical.Core.Primitives.Path Agda.Primitive.lzero CarryFiber.Word Agda.Builtin.Sigma._,_ CarryFiber.Digit.d1 CarryFiber.Digit.d0 Agda.Builtin.Sigma._,_ CarryFiber.Digit.d0 CarryFiber.Digit.d2 Cubical.Foundations.Prelude.subst Agda.Primitive.lzero Agda.Builtin.Nat.Nat Agda.Primitive.lzero CarryFiber.value Agda.Builtin.Sigma._,_ CarryFiber.Digit.d0 CarryFiber.Digit.d2 CarryFiber.Is1 Agda.Primitive.Cubical.primINeg Agda.Builtin.Unit.tt Cubical.Data.Empty.Base.rec Agda.Primitive.lzero Cubical.Core.Primitives.Path Agda.Primitive.lzero CarryFiber.Word Agda.Builtin.Sigma._,_ CarryFiber.Digit.d1 CarryFiber.Digit.d0 Agda.Builtin.Sigma._,_ CarryFiber.Digit.d1 CarryFiber.Digit.d2 Cubical.Foundations.Prelude.subst Agda.Primitive.lzero Agda.Builtin.Nat.Nat Agda.Primitive.lzero CarryFiber.value Agda.Builtin.Sigma._,_ CarryFiber.Digit.d1 CarryFiber.Digit.d2 CarryFiber.Is1 Agda.Primitive.Cubical.primINeg Agda.Builtin.Unit.tt Cubical.Data.Empty.Base.rec Agda.Primitive.lzero Cubical.Core.Primitives.Path Agda.Primitive.lzero CarryFiber.Word Agda.Builtin.Sigma._,_ CarryFiber.Digit.d1 CarryFiber.Digit.d0 Agda.Builtin.Sigma._,_ CarryFiber.Digit.d2 CarryFiber.Digit.d2 Cubical.Foundations.Prelude.subst Agda.Primitive.lzero Agda.Builtin.Nat.Nat Agda.Primitive.lzero CarryFiber.value Agda.Builtin.Sigma._,_ CarryFiber.Digit.d2 CarryFiber.Digit.d2 CarryFiber.Is1 Agda.Primitive.Cubical.primINeg Agda.Builtin.Unit.tt 
CarryFiber.isContrFib1	d:Cubical.Foundations.Prelude.isContr(d:Agda.Primitive.lzero()d:CarryFiber.Fib(K))	Agda.Builtin.Sigma._,_ CarryFiber.pt1 Cubical.Data.Sigma.Properties.Σ≡Prop Agda.Primitive.lzero CarryFiber.Word Agda.Primitive.lzero Agda.Builtin.Cubical.Path._≡_ Agda.Primitive.lzero Agda.Builtin.Nat.Nat CarryFiber.value Cubical.Data.Nat.Properties.isSetℕ CarryFiber.value Agda.Builtin.Sigma._,_ Agda.Builtin.Sigma._,_ CarryFiber.Digit.d1 CarryFiber.Digit.d0 CarryFiber.value Agda.Builtin.Sigma._,_ CarryFiber.Digit.d1 CarryFiber.Digit.d0 Agda.Builtin.Sigma._,_ Agda.Builtin.Sigma._,_ CarryFiber.wordPath1 
CarryFiber.no-uniform-chart	P(d:Agda.Primitive.Level(),P(S,P(P(d:Agda.Builtin.Nat.Nat(),P(d:CarryFiber.Fib(v0()),d:Agda.Builtin.Cubical.Equiv._≃_(d:Agda.Primitive.lzero()v3()d:CarryFiber.Fib(v1())v2()))),d:Cubical.Data.Empty.Base.⊥())))	CarryFiber.Fib1≃Fib2→⊥ Cubical.Foundations.Equiv.compEquiv Agda.Primitive.lzero CarryFiber.Fib Agda.Primitive.lzero CarryFiber.Fib CarryFiber.pt1 Cubical.Foundations.Equiv.invEquiv Agda.Primitive.lzero CarryFiber.Fib CarryFiber.carryRep 
CenterRelative.Pair	S	Cubical.Data.Sigma.Base._×_ Agda.Primitive.lzero Agda.Primitive.lzero Cubical.Data.Int.Base.ℤ Cubical.Data.Int.Base.ℤ 
CenterRelative.thm16-1	P(d:CenterRelative.Pair(),d:Agda.Builtin.Cubical.Path._≡_(d:Agda.Primitive.lzero()d:Agda.Builtin.Sigma.Σ(d:Agda.Primitive.lzero()d:Agda.Primitive.lzero()d:Cubical.Data.Int.Base.ℤ()L(d:Cubical.Data.Int.Base.ℤ()))d:CenterRelative.Φraw(d:CenterRelative.J₂(v0()))d:CenterRelative.J₂CR(d:CenterRelative.Φraw(v0()))))	Agda.Builtin.Sigma._,_ CenterRelative.e-J-fst CenterRelative.e-J-snd 
CenterRelative.Q	P(d:Cubical.Data.Sigma.Base._×_(d:Agda.Primitive.lzero()d:Agda.Primitive.lzero()d:Cubical.Data.Int.Base.ℤ()d:Cubical.Data.Int.Base.ℤ()),d:Cubical.Data.Int.Base.ℤ())	Cubical.Data.Int.Base._-_ Cubical.Data.Int.Base._·_ Cubical.Data.Int.Base._·_ 
CenterRelative.thm16-6-J	P(d:Cubical.Data.Sigma.Base._×_(d:Agda.Primitive.lzero()d:Agda.Primitive.lzero()d:Cubical.Data.Int.Base.ℤ()d:Cubical.Data.Int.Base.ℤ()),d:Agda.Builtin.Cubical.Path._≡_(d:Agda.Primitive.lzero()d:Cubical.Data.Int.Base.ℤ()d:CenterRelative.Q(d:CenterRelative.J₂CR(v0()))d:Cubical.Data.Int.Base.-_(d:CenterRelative.Q(v0()))))	CenterRelative.e-QJ 
CenterRelative.thm16-8	P(d:Cubical.Data.Int.Base.ℤ(),P(d:Cubical.Data.Int.Base.ℤ(),d:Agda.Builtin.Cubical.Path._≡_(d:Agda.Primitive.lzero()d:Cubical.Data.Int.Base.ℤ()d:CenterRelative.Q(d:CenterRelative.Φraw(c:Agda.Builtin.Sigma._,_(????v1()v0())))d:Cubical.Data.Int.Base._+_(d:Cubical.Data.Int.Base._+_(d:Cubical.Data.Int.Base._·_(v1()v0())d:Cubical.Data.Int.Base._·_(v1()v0()))d:Cubical.Data.Int.Base._+_(d:Cubical.Data.Int.Base._·_(v1()v0())d:Cubical.Data.Int.Base._·_(v1()v0()))))))	CenterRelative.e-Q4 
CenterRelative.Pos	P(d:Cubical.Data.Int.Base.ℤ(),S)	Cubical.Core.Primitives.Σ-syntax Agda.Primitive.lzero Agda.Primitive.lzero Agda.Builtin.Nat.Nat Agda.Builtin.Cubical.Path._≡_ Agda.Primitive.lzero Cubical.Data.Int.Base.ℤ Cubical.Data.Int.Base.ℤ.pos Agda.Builtin.Nat.Nat.suc 
CenterRelative.InCone	P(d:Cubical.Data.Sigma.Base._×_(d:Agda.Primitive.lzero()d:Agda.Primitive.lzero()d:Cubical.Data.Int.Base.ℤ()d:Cubical.Data.Int.Base.ℤ()),S)	Cubical.Data.Sigma.Base._×_ Agda.Primitive.lzero Agda.Primitive.lzero CenterRelative.Pos Cubical.Data.Int.Base._-_ CenterRelative.Pos Cubical.Data.Int.Base._+_ 
CenterRelative.posAnti	P(d:Cubical.Data.Int.Base.ℤ(),P(d:CenterRelative.Pos(v0()),P(d:CenterRelative.Pos(d:Cubical.Data.Int.Base.-_(v1())),d:Cubical.Data.Empty.Base.⊥())))	Cubical.Data.Int.Properties.posNotnegsuc Agda.Builtin.Nat.Nat.suc Cubical.Foundations.Prelude._∙_ Agda.Primitive.lzero Cubical.Data.Int.Base.ℤ Cubical.Data.Int.Base.ℤ.pos Agda.Builtin.Nat.Nat.suc Cubical.Data.Int.Base.ℤ.negsuc Agda.Primitive.Cubical.primINeg CenterRelative._.negEq 
CenterRelative.thm16-3-diff	P(d:Cubical.Data.Int.Base.ℤ(),P(d:Cubical.Data.Int.Base.ℤ(),d:Agda.Builtin.Cubical.Path._≡_(d:Agda.Primitive.lzero()d:Cubical.Data.Int.Base.ℤ()d:Cubical.Data.Int.Base._-_(d:Cubical.Data.Int.Base._+_(v1()v0())d:Cubical.Data.Int.Base._-_(v0()v1()))d:Cubical.Data.Int.Base._+_(v1()v1()))))	CenterRelative.e-diff 
CenterRelative.thm16-3-sum	P(d:Cubical.Data.Int.Base.ℤ(),P(d:Cubical.Data.Int.Base.ℤ(),d:Agda.Builtin.Cubical.Path._≡_(d:Agda.Primitive.lzero()d:Cubical.Data.Int.Base.ℤ()d:Cubical.Data.Int.Base._+_(d:Cubical.Data.Int.Base._+_(v1()v0())d:Cubical.Data.Int.Base._-_(v0()v1()))d:Cubical.Data.Int.Base._+_(v0()v0()))))	CenterRelative.e-sum 
CenterRelative.exchangePreservesCone	P(d:Cubical.Data.Sigma.Base._×_(d:Agda.Primitive.lzero()d:Agda.Primitive.lzero()d:Cubical.Data.Int.Base.ℤ()d:Cubical.Data.Int.Base.ℤ()),P(d:CenterRelative.InCone(v0()),d:CenterRelative.InCone(d:CenterRelative.τCR(v1()))))	Agda.Builtin.Sigma._,_ Cubical.Foundations.Prelude.subst Agda.Primitive.lzero Cubical.Data.Int.Base.ℤ Agda.Primitive.lzero Cubical.Data.Int.Base._+_ Cubical.Data.Int.Base._-_ Cubical.Data.Int.Base.-_ CenterRelative.Pos CenterRelative._.e1 Agda.Primitive.Cubical.primINeg Cubical.Foundations.Prelude.subst Agda.Primitive.lzero Cubical.Data.Int.Base.ℤ Agda.Primitive.lzero Cubical.Data.Int.Base._-_ Cubical.Data.Int.Base._+_ Cubical.Data.Int.Base.-_ CenterRelative.Pos CenterRelative._.e2 Agda.Primitive.Cubical.primINeg 
CenterRelative.thm16-4	P(d:Cubical.Data.Sigma.Base._×_(d:Agda.Primitive.lzero()d:Agda.Primitive.lzero()d:Cubical.Data.Int.Base.ℤ()d:Cubical.Data.Int.Base.ℤ()),P(d:CenterRelative.InCone(v0()),d:Cubical.Relation.Nullary.Base.¬_(d:Agda.Primitive.lzero()d:CenterRelative.InCone(d:CenterRelative.J₂CR(v1())))))	CenterRelative.posAnti Cubical.Data.Int.Base._+_ Cubical.Foundations.Prelude.subst Agda.Primitive.lzero Cubical.Data.Int.Base.ℤ Agda.Primitive.lzero Cubical.Data.Int.Base._+_ Cubical.Data.Int.Base.-_ Cubical.Data.Int.Base.-_ Cubical.Data.Int.Base.-_ Cubical.Data.Int.Base._+_ CenterRelative.Pos CenterRelative._.e 
ChargeGradedPeeling.lpfF	P(d:Agda.Builtin.Nat.Nat(),P(d:Agda.Builtin.Nat.Nat(),P(d:Agda.Builtin.Nat.Nat(),d:Agda.Builtin.Nat.Nat())))	Cubical.Data.Bool.Base.if_then_else_ Agda.Primitive.lzero Agda.Builtin.Nat.Nat SieveFiber.ltᵇ Agda.Builtin.Nat._*_ Cubical.Data.Bool.Base.if_then_else_ Agda.Primitive.lzero Agda.Builtin.Nat.Nat SieveFiber.eqᵇ SieveFiber._rem_ Agda.Builtin.Nat.Nat.zero ChargeGradedPeeling.lpfF Agda.Builtin.Nat.Nat.suc 
ChargeGradedPeeling.lpf	P(d:Agda.Builtin.Nat.Nat(),d:Agda.Builtin.Nat.Nat())	ChargeGradedPeeling.lpfF 
ChargeGradedPeeling.peel	P(d:Agda.Builtin.Nat.Nat(),d:Agda.Builtin.Nat.Nat())	Cubical.Data.Bool.Base.if_then_else_ Agda.Primitive.lzero Agda.Builtin.Nat.Nat SieveFiber.ltᵇ SieveFiber._div_ ChargeGradedPeeling.lpf 
ChargeGradedPeeling.chkPeelDom	P(d:Agda.Builtin.Nat.Nat(),d:Agda.Builtin.Bool.Bool())	SieveFiber.memberOf SieveFiber.domain ChargeGradedPeeling.peel 
ChargeGradedPeeling.chkPos	P(d:Agda.Builtin.Nat.Nat(),d:Agda.Builtin.Bool.Bool())	Cubical.Data.Bool.Base._or_ SieveFiber.eqᵇ SieveFiber.Ω Cubical.Data.Bool.Base.not SieveFiber.ltᵇ 
ChargeGradedPeeling.chkDrop	P(d:Agda.Builtin.Nat.Nat(),d:Agda.Builtin.Bool.Bool())	Cubical.Data.Bool.Base._or_ SieveFiber.ltᵇ SieveFiber.eqᵇ Agda.Builtin.Nat.Nat.suc SieveFiber.Ω ChargeGradedPeeling.peel SieveFiber.Ω 
ChargeGradedPeeling.peelDrops	P(d:Agda.Builtin.Nat.Nat(),P(d:SieveFiber._∈_(v0()d:SieveFiber.domain()),P(d:Agda.Builtin.Cubical.Path._≡_(d:Agda.Primitive.lzero()d:Agda.Builtin.Bool.Bool()d:SieveFiber.ltᵇ(v1()K)c:Agda.Builtin.Bool.Bool.false()),d:Agda.Builtin.Cubical.Path._≡_(d:Agda.Primitive.lzero()d:Agda.Builtin.Nat.Nat()c:Agda.Builtin.Nat.Nat.suc(d:SieveFiber.Ω(d:ChargeGradedPeeling.peel(v2())))d:SieveFiber.Ω(v2())))))	ChargeGradedPeeling.with-162 ChargeGradedPeeling.orSplit SieveFiber.ltᵇ SieveFiber.eqᵇ Agda.Builtin.Nat.Nat.suc SieveFiber.Ω ChargeGradedPeeling.peel SieveFiber.Ω SieveFiber.allOf-sound SieveFiber.domain ChargeGradedPeeling.chkDrop ChargeGradedPeeling.dropᵇ 
ChargeGradedPeeling.chkFlip	P(d:Agda.Builtin.Nat.Nat(),d:Agda.Builtin.Bool.Bool())	Cubical.Data.Bool.Base._or_ SieveFiber.ltᵇ SieveFiber.eqBool SieveFiber.charge ChargeGradedPeeling.peel Cubical.Data.Bool.Base.not SieveFiber.charge 
ChargeGradedPeeling.peelFlips	P(d:Agda.Builtin.Nat.Nat(),P(d:SieveFiber._∈_(v0()d:SieveFiber.domain()),P(d:Agda.Builtin.Cubical.Path._≡_(d:Agda.Primitive.lzero()d:Agda.Builtin.Bool.Bool()d:SieveFiber.ltᵇ(v1()K)c:Agda.Builtin.Bool.Bool.false()),d:Agda.Builtin.Cubical.Path._≡_(d:Agda.Primitive.lzero()d:Agda.Builtin.Bool.Bool()d:SieveFiber.charge(d:ChargeGradedPeeling.peel(v2()))d:Cubical.Data.Bool.Base.not(d:SieveFiber.charge(v2()))))))	ChargeGradedPeeling.with-198 ChargeGradedPeeling.orSplit SieveFiber.ltᵇ SieveFiber.eqBool SieveFiber.charge ChargeGradedPeeling.peel Cubical.Data.Bool.Base.not SieveFiber.charge SieveFiber.allOf-sound SieveFiber.domain ChargeGradedPeeling.chkFlip ChargeGradedPeeling.flipᵇ 
ChargeGradedPeeling.H	P(d:Agda.Builtin.Nat.Nat(),S)	Cubical.Core.Primitives.Σ-syntax Agda.Primitive.lzero Agda.Primitive.lzero Agda.Builtin.Nat.Nat Cubical.Data.Sigma.Base._×_ Agda.Primitive.lzero Agda.Primitive.lzero SieveFiber._∈_ SieveFiber.domain Agda.Builtin.Cubical.Path._≡_ Agda.Primitive.lzero Agda.Builtin.Nat.Nat SieveFiber.Ω 
ChargeGradedPeeling.peelGrade	P(d:Agda.Builtin.Nat.Nat(),P(d:ChargeGradedPeeling.H(c:Agda.Builtin.Nat.Nat.suc(v0())),d:ChargeGradedPeeling.H(v1())))	Agda.Builtin.Sigma._,_ ChargeGradedPeeling.peel Agda.Builtin.Sigma._,_ ChargeGradedPeeling.peel∈ Cubical.Data.Nat.Properties.injSuc SieveFiber.omegaF Agda.Builtin.Nat._+_ Cubical.Data.Bool.Base.if_then_else_ Agda.Primitive.lzero Agda.Builtin.Nat.Nat SieveFiber.ltᵇ SieveFiber._div_ ChargeGradedPeeling.lpf Cubical.Data.Bool.Base.if_then_else_ Agda.Primitive.lzero Agda.Builtin.Nat.Nat SieveFiber.ltᵇ SieveFiber._div_ ChargeGradedPeeling.lpf Cubical.Data.Bool.Base.if_then_else_ Agda.Primitive.lzero Agda.Builtin.Nat.Nat SieveFiber.ltᵇ SieveFiber._div_ ChargeGradedPeeling.lpf Cubical.Foundations.Prelude._∙_ Agda.Primitive.lzero Agda.Builtin.Nat.Nat Agda.Builtin.Nat.Nat.suc SieveFiber.Ω ChargeGradedPeeling.peel SieveFiber.Ω Agda.Builtin.Nat.Nat.suc ChargeGradedPeeling.peelDrops ChargeGradedPeeling.Ω>0→≥2 Cubical.Data.Nat.Properties.znots Cubical.Foundations.Prelude._∙_ Agda.Primitive.lzero Agda.Builtin.Nat.Nat SieveFiber.Ω Agda.Builtin.Nat.Nat.suc Agda.Primitive.Cubical.primINeg 
ChargeGradedPeeling.peelFixesUnit	d:Agda.Builtin.Cubical.Path._≡_(d:Agda.Primitive.lzero()d:Agda.Builtin.Nat.Nat()d:ChargeGradedPeeling.peel(K)K)	ChargeGradedPeeling.peel 
ChargePolynomialFinite.hereL	P(S,P(v0(),P(d:Agda.Builtin.List.List(d:Agda.Primitive.lzero()v1()),d:ChargePolynomialFinite._∈L_(v2()v1()c:Agda.Builtin.List.List._∷_(??v1()v0())))))	Cubical.Data.Sum.Base._⊎_.inl 
ChargePolynomialFinite.thereL	P(S,P(v0(),P(v1(),P(d:Agda.Builtin.List.List(d:Agda.Primitive.lzero()v2()),P(d:ChargePolynomialFinite._∈L_(v3()v2()v0()),d:ChargePolynomialFinite._∈L_(vn()v3()c:Agda.Builtin.List.List._∷_(??v2()v1())))))))	Cubical.Data.Sum.Base._⊎_.inr 
ChargePolynomialFinite.allL	P(S,P(d:Agda.Builtin.List.List(d:Agda.Primitive.lzero()v0()),P(P(v1(),d:Agda.Builtin.Bool.Bool()),d:Agda.Builtin.Bool.Bool())))	Agda.Builtin.Bool.Bool.true Cubical.Data.Bool.Base._and_ ChargePolynomialFinite.allL 
ChargePolynomialFinite.allL-sound	P(S,P(d:Agda.Builtin.List.List(d:Agda.Primitive.lzero()v0()),P(P(v1(),d:Agda.Builtin.Bool.Bool()),P(d:Agda.Builtin.Cubical.Path._≡_(d:Agda.Primitive.lzero()d:Agda.Builtin.Bool.Bool()d:ChargePolynomialFinite.allL(v2()v1()v0())c:Agda.Builtin.Bool.Bool.true()),P(v3(),P(d:ChargePolynomialFinite._∈L_(vn()v0()v3()),d:Agda.Builtin.Cubical.Path._≡_(d:Agda.Primitive.lzero()d:Agda.Builtin.Bool.Bool()v3(v1())c:Agda.Builtin.Bool.Bool.true())))))))	Cubical.Foundations.Prelude.subst Agda.Primitive.lzero Agda.Primitive.lzero Agda.Builtin.Cubical.Path._≡_ Agda.Primitive.lzero Agda.Builtin.Bool.Bool Agda.Builtin.Bool.Bool.true Agda.Primitive.Cubical.primINeg ChargePolynomialFinite.andL ChargePolynomialFinite.allL ChargePolynomialFinite.allL-sound ChargePolynomialFinite.andR ChargePolynomialFinite.allL 
ChargePolynomialFinite.mapL	P(S,P(S,P(P(v1(),v1()),P(d:Agda.Builtin.List.List(d:Agda.Primitive.lzero()v2()),d:Agda.Builtin.List.List(d:Agda.Primitive.lzero()v2())))))	Agda.Builtin.List.List.[] Agda.Builtin.List.List._∷_ ChargePolynomialFinite.mapL 
ChargePolynomialFinite.concatMapL	P(S,P(S,P(P(v1(),d:Agda.Builtin.List.List(d:Agda.Primitive.lzero()v1())),P(d:Agda.Builtin.List.List(d:Agda.Primitive.lzero()v2()),d:Agda.Builtin.List.List(d:Agda.Primitive.lzero()v2())))))	Agda.Builtin.List.List.[] Cubical.Data.List.Base._._++_ Agda.Primitive.lzero ChargePolynomialFinite.concatMapL 
ChargePolynomialFinite.countUp	P(d:Agda.Builtin.Nat.Nat(),P(d:Agda.Builtin.Nat.Nat(),d:Agda.Builtin.List.List(d:Agda.Primitive.lzero()d:Agda.Builtin.Nat.Nat())))	Agda.Builtin.List.List._∷_ Agda.Builtin.List.List.[] Agda.Builtin.List.List._∷_ ChargePolynomialFinite.countUp Agda.Builtin.Nat.Nat.suc 
ChargePolynomialFinite.range	P(d:Agda.Builtin.Nat.Nat(),d:Agda.Builtin.List.List(d:Agda.Primitive.lzero()d:Agda.Builtin.Nat.Nat()))	ChargePolynomialFinite.countUp 
ChargePolynomialFinite.Fact	S	Agda.Builtin.List.List Agda.Primitive.lzero Cubical.Data.Sigma.Base._×_ Agda.Primitive.lzero Agda.Primitive.lzero Agda.Builtin.Nat.Nat Agda.Builtin.Nat.Nat 
ChargePolynomialFinite.value	P(d:ChargePolynomialFinite.Fact(),d:Agda.Builtin.Nat.Nat())	Agda.Builtin.Nat._*_ SieveFiber.pow Agda.Builtin.Nat.Nat.suc ChargePolynomialFinite.value 
ChargePolynomialFinite.consP	P(d:Agda.Builtin.Nat.Nat(),P(d:Agda.Builtin.Nat.Nat(),P(d:ChargePolynomialFinite.Fact(),d:ChargePolynomialFinite.Fact())))	Agda.Builtin.List.List._∷_ Agda.Builtin.Sigma._,_ 
ChargePolynomialFinite.splitsExp	P(d:Agda.Builtin.Nat.Nat(),d:Agda.Builtin.List.List(d:Agda.Primitive.lzero()d:Cubical.Data.Sigma.Base._×_(d:Agda.Primitive.lzero()d:Agda.Primitive.lzero()d:Agda.Builtin.Nat.Nat()d:Agda.Builtin.Nat.Nat())))	ChargePolynomialFinite.mapL Agda.Builtin.Nat.Nat Cubical.Data.Sigma.Base._×_ Agda.Primitive.lzero Agda.Primitive.lzero Agda.Builtin.Nat.Nat Agda.Builtin.Nat.Nat Agda.Builtin.Sigma._,_ Agda.Builtin.Nat._-_ ChargePolynomialFinite.range 
ChargeTwoHistories.SquareHistory	S	Agda.Builtin.Unit.⊤ 
ChargeTwoHistories.SplitHistory	S	Agda.Builtin.Bool.Bool 
ChargeTwoHistories.square-history-unique	P(d:ChargeTwoHistories.SquareHistory(),d:Agda.Builtin.Cubical.Path._≡_(d:Agda.Primitive.lzero()d:Agda.Builtin.Unit.⊤()v0()c:Agda.Builtin.Unit.tt()))	Agda.Builtin.Unit.tt 
ChargeTwoHistories.split-histories-distinct	d:Cubical.Relation.Nullary.Base.¬_(d:Agda.Primitive.lzero()d:Agda.Builtin.Cubical.Path._≡_(d:Agda.Primitive.lzero()d:Agda.Builtin.Bool.Bool()c:Agda.Builtin.Bool.Bool.false()c:Agda.Builtin.Bool.Bool.true()))	ChargeTwoHistories.false≠true 
ChargeTwoHistories.SplitProfile	S	Cubical.Data.Sigma.Base._×_ Agda.Primitive.lzero Agda.Primitive.lzero Cubical.Data.Int.Base.ℤ Cubical.Data.Int.Base.ℤ 
ChargeTwoHistories.augment	P(d:ChargeTwoHistories.SplitProfile(),d:Cubical.Data.Int.Base.ℤ())	Cubical.Data.Int.Base._+_ 
ChargeTwoHistories.relative	P(d:ChargeTwoHistories.SplitProfile(),d:Cubical.Data.Int.Base.ℤ())	Cubical.Data.Int.Base._-_ 
ChargeTwoHistories.sign	P(d:Cubical.Data.Int.Base.ℤ(),d:ChargeTwoHistories.SplitProfile())	Agda.Builtin.Sigma._,_ Cubical.Data.Int.Base.-_ 
ChargeTwoHistories.zeroProfile	d:ChargeTwoHistories.SplitProfile()	Agda.Builtin.Sigma._,_ Cubical.Data.Int.Base.ℤ.pos Cubical.Data.Int.Base.ℤ.pos 
ChargeTwoHistories.augment-sign	P(d:Cubical.Data.Int.Base.ℤ(),d:Agda.Builtin.Cubical.Path._≡_(d:Agda.Primitive.lzero()d:Cubical.Data.Int.Base.ℤ()d:ChargeTwoHistories.augment(d:ChargeTwoHistories.sign(v0()))c:Cubical.Data.Int.Base.ℤ.pos(K)))	Cubical.Tactics.CommRingSolver.Solver.solve Agda.Primitive.lzero Cubical.Algebra.CommRing.Instances.Int.ℤCommRing Agda.Builtin.Nat.Nat.suc Agda.Builtin.Nat.Nat.zero Cubical.Tactics.CommRingSolver.AlgebraExpression.Expr._+'_ Cubical.Tactics.CommRingSolver.AlgebraExpression.Expr.∣ Cubical.Data.FinData.Base.Fin.zero Agda.Builtin.Nat.Nat.zero Cubical.Tactics.CommRingSolver.AlgebraExpression.Expr.-'_ Cubical.Tactics.CommRingSolver.AlgebraExpression.Expr.∣ Cubical.Data.FinData.Base.Fin.zero Agda.Builtin.Nat.Nat.zero Cubical.Tactics.CommRingSolver.Reflection.pr.0' Agda.Primitive.lzero Cubical.Algebra.CommRing.Instances.Int.ℤCommRing Agda.Builtin.Nat.Nat.suc Agda.Builtin.Nat.Nat.zero Cubical.Data.Vec.Base.Vec._∷_ Agda.Builtin.Nat.Nat.zero Cubical.Data.Vec.Base.Vec.[] Cubical.Tactics.CommRingSolver.HornerEval.eval Agda.Primitive.lzero Cubical.Tactics.CommRingSolver.Solver.EqualityToNormalform.νR Agda.Primitive.lzero Cubical.Algebra.CommRing.Instances.Int.ℤCommRing Agda.Builtin.Nat.Nat.suc Agda.Builtin.Nat.Nat.zero Cubical.Tactics.CommRingSolver.Solver.EqualityToNormalform.normalize Agda.Primitive.lzero Cubical.Algebra.CommRing.Instances.Int.ℤCommRing Agda.Builtin.Nat.Nat.suc Agda.Builtin.Nat.Nat.zero Cubical.Tactics.CommRingSolver.AlgebraExpression.Expr._+'_ Cubical.Tactics.CommRingSolver.AlgebraExpression.Expr.∣ Cubical.Data.FinData.Base.Fin.zero Agda.Builtin.Nat.Nat.zero Cubical.Tactics.CommRingSolver.AlgebraExpression.Expr.-'_ Cubical.Tactics.CommRingSolver.AlgebraExpression.Expr.∣ Cubical.Data.FinData.Base.Fin.zero Agda.Builtin.Nat.Nat.zero Cubical.Data.Vec.Base.Vec._∷_ Agda.Builtin.Nat.Nat.zero Cubical.Data.Vec.Base.Vec.[] 
ChargeTwoHistories.relative-sign	P(d:Cubical.Data.Int.Base.ℤ(),d:Agda.Builtin.Cubical.Path._≡_(d:Agda.Primitive.lzero()d:Cubical.Data.Int.Base.ℤ()d:ChargeTwoHistories.relative(d:ChargeTwoHistories.sign(v0()))d:Cubical.Data.Int.Base._+_(v0()v0())))	Cubical.Tactics.CommRingSolver.Solver.solve Agda.Primitive.lzero Cubical.Algebra.CommRing.Instances.Int.ℤCommRing Agda.Builtin.Nat.Nat.suc Agda.Builtin.Nat.Nat.zero Cubical.Tactics.CommRingSolver.AlgebraExpression.Expr._+'_ Cubical.Tactics.CommRingSolver.AlgebraExpression.Expr.∣ Cubical.Data.FinData.Base.Fin.zero Agda.Builtin.Nat.Nat.zero Cubical.Tactics.CommRingSolver.AlgebraExpression.Expr.-'_ Cubical.Tactics.CommRingSolver.AlgebraExpression.Expr.-'_ Cubical.Tactics.CommRingSolver.AlgebraExpression.Expr.∣ Cubical.Data.FinData.Base.Fin.zero Agda.Builtin.Nat.Nat.zero Cubical.Tactics.CommRingSolver.AlgebraExpression.Expr._+'_ Cubical.Tactics.CommRingSolver.AlgebraExpression.Expr.∣ Cubical.Data.FinData.Base.Fin.zero Agda.Builtin.Nat.Nat.zero Cubical.Tactics.CommRingSolver.AlgebraExpression.Expr.∣ Cubical.Data.FinData.Base.Fin.zero Agda.Builtin.Nat.Nat.zero Cubical.Data.Vec.Base.Vec._∷_ Agda.Builtin.Nat.Nat.zero Cubical.Data.Vec.Base.Vec.[] Cubical.Tactics.CommRingSolver.HornerEval.eval Agda.Primitive.lzero Cubical.Tactics.CommRingSolver.Solver.EqualityToNormalform.νR Agda.Primitive.lzero Cubical.Algebra.CommRing.Instances.Int.ℤCommRing Agda.Builtin.Nat.Nat.suc Agda.Builtin.Nat.Nat.zero Cubical.Tactics.CommRingSolver.Solver.EqualityToNormalform.normalize Agda.Primitive.lzero Cubical.Algebra.CommRing.Instances.Int.ℤCommRing Agda.Builtin.Nat.Nat.suc Agda.Builtin.Nat.Nat.zero Cubical.Tactics.CommRingSolver.AlgebraExpression.Expr._+'_ Cubical.Tactics.CommRingSolver.AlgebraExpression.Expr.∣ Cubical.Data.FinData.Base.Fin.zero Agda.Builtin.Nat.Nat.zero Cubical.Tactics.CommRingSolver.AlgebraExpression.Expr.-'_ Cubical.Tactics.CommRingSolver.AlgebraExpression.Expr.-'_ Cubical.Tactics.CommRingSolver.AlgebraExpression.Expr.∣ Cubical.Data.FinData.Base.Fin.zero Agda.Builtin.Nat.Nat.zero Cubical.Data.Vec.Base.Vec._∷_ Agda.Builtin.Nat.Nat.zero Cubical.Data.Vec.Base.Vec.[] 
ChargeTwoHistories.kernel-is-sign	P(d:ChargeTwoHistories.SplitProfile(),P(d:Agda.Builtin.Cubical.Path._≡_(d:Agda.Primitive.lzero()d:Cubical.Data.Int.Base.ℤ()d:ChargeTwoHistories.augment(v0())c:Cubical.Data.Int.Base.ℤ.pos(K)),d:Agda.Builtin.Cubical.Path._≡_(d:Agda.Primitive.lzero()d:Cubical.Data.Int.Base.ℤ()d:Agda.Builtin.Sigma.Σ.snd(????v1())d:Cubical.Data.Int.Base.-_(d:Agda.Builtin.Sigma.Σ.fst(????v1())))))	Cubical.Foundations.Prelude._∙_ Agda.Primitive.lzero Cubical.Data.Int.Base.ℤ Cubical.Data.Int.Base._-_ Cubical.Data.Int.Base._+_ Cubical.Data.Int.Base.-_ ChargeTwoHistories._.step₁ Cubical.Foundations.Prelude._∙_ Agda.Primitive.lzero Cubical.Data.Int.Base.ℤ Cubical.Data.Int.Base._-_ ChargeTwoHistories.augment Agda.Builtin.Sigma._,_ Cubical.Data.Int.Base._-_ Cubical.Data.Int.Base.ℤ.pos Cubical.Data.Int.Base.-_ Cubical.Data.Int.Base._-_ ChargeTwoHistories._.step₂ 
ChenTwoChargeProjector.liouvilleParity	P(d:ChenTwoChargeProjector.Charge(),d:Agda.Builtin.Bool.Bool())	Agda.Builtin.Bool.Bool.false Agda.Builtin.Bool.Bool.true 
ChenTwoChargeProjector.chargeOneProjector	P(d:ChenTwoChargeProjector.Charge(),d:Agda.Builtin.Bool.Bool())	Agda.Builtin.Bool.Bool.true Agda.Builtin.Bool.Bool.false 
ChenTwoChargeProjector.chargeOneFiber	S	Cubical.Core.Primitives.Σ-syntax Agda.Primitive.lzero Agda.Primitive.lzero ChenTwoChargeProjector.Charge Agda.Builtin.Cubical.Path._≡_ Agda.Primitive.lzero Agda.Builtin.Bool.Bool ChenTwoChargeProjector.chargeOneProjector Agda.Builtin.Bool.Bool.true 
ChenTwoChargeProjector.SupportField	S	Agda.Builtin.Nat.Nat ChenTwoChargeProjector.Charge 
ChenTwoChargeProjector.Support	P(d:ChenTwoChargeProjector.SupportField(),S)	Cubical.Core.Primitives.Σ-syntax Agda.Primitive.lzero Agda.Primitive.lzero Agda.Builtin.Nat.Nat Cubical.Core.Primitives.Σ-syntax Agda.Primitive.lzero Agda.Primitive.lzero ChenTwoChargeProjector.Charge 
ChenTwoChargeProjector.projections-commute	P(d:ChenTwoChargeProjector.SupportField(),P(d:Agda.Builtin.Nat.Nat(),P(d:ChenTwoChargeProjector.Charge(),d:Agda.Builtin.Cubical.Equiv._≃_(d:Agda.Primitive.lzero()d:Agda.Primitive.lzero()d:ChenTwoChargeProjector.RadiusThenCharge(v2()v1()v0())d:ChenTwoChargeProjector.ChargeThenRadius(v2()v1()v0())))))	Cubical.Foundations.Isomorphism.isoToEquiv Agda.Primitive.lzero ChenTwoChargeProjector.RadiusThenCharge Agda.Primitive.lzero ChenTwoChargeProjector.ChargeThenRadius Cubical.Foundations.Isomorphism.iso ChenTwoChargeProjector._.forward ChenTwoChargeProjector._.backward ChenTwoChargeProjector._.forward-backward ChenTwoChargeProjector._.backward-forward 
ChenTwoChargeProjector.CenteredField	S	Agda.Builtin.Nat.Nat Agda.Builtin.Nat.Nat ChenTwoChargeProjector.Charge 
ChenTwoChargeProjector.RadiusOneCofinal	P(d:ChenTwoChargeProjector.CenteredField(),S)	Agda.Builtin.Nat.Nat Cubical.Core.Primitives.Σ-syntax Agda.Primitive.lzero Agda.Primitive.lzero ChenTwoChargeProjector.Charge Agda.Builtin.Nat.Nat.suc 
ChenTwoChargeProjector.ChargeOneCofinal	P(d:ChenTwoChargeProjector.CenteredField(),S)	Agda.Builtin.Nat.Nat Cubical.Core.Primitives.Σ-syntax Agda.Primitive.lzero Agda.Primitive.lzero Agda.Builtin.Nat.Nat Agda.Builtin.Nat.Nat.suc ChenTwoChargeProjector.Charge.one 
ChenTwoChargeProjector.CornerCofinal	P(d:ChenTwoChargeProjector.CenteredField(),S)	Agda.Builtin.Nat.Nat Agda.Builtin.Nat.Nat.suc ChenTwoChargeProjector.Charge.one 
ChenTwoChargeProjector.CrossedFaces	d:ChenTwoChargeProjector.CenteredField()	Cubical.Data.Sum.Base._⊎_ Agda.Primitive.lzero Agda.Primitive.lzero Cubical.Data.Sigma.Base._×_ Agda.Primitive.lzero Agda.Primitive.lzero Agda.Builtin.Cubical.Path._≡_ Agda.Primitive.lzero Agda.Builtin.Nat.Nat Agda.Builtin.Cubical.Path._≡_ Agda.Primitive.lzero ChenTwoChargeProjector.Charge ChenTwoChargeProjector.Charge.two Cubical.Data.Sigma.Base._×_ Agda.Primitive.lzero Agda.Primitive.lzero Agda.Builtin.Cubical.Path._≡_ Agda.Primitive.lzero Agda.Builtin.Nat.Nat Agda.Builtin.Cubical.Path._≡_ Agda.Primitive.lzero ChenTwoChargeProjector.Charge ChenTwoChargeProjector.Charge.one 
ChenTwoChargeProjector.radius-one-is-cofinal	d:ChenTwoChargeProjector.RadiusOneCofinal(d:ChenTwoChargeProjector.CrossedFaces())	Agda.Builtin.Sigma._,_ ChenTwoChargeProjector.Charge.two Cubical.Data.Sum.Base._⊎_.inl Agda.Builtin.Sigma._,_ ChenTwoChargeProjector.Charge.two 
