69b66252f8b48bdb05a969f14232c9581eb4eba8e5b1ea868aaf203b6a72287e	331531	021D4D3E-A71D-46E0-8A63-E4618084C321.jpeg	p1/021D4D3E-A71D-46E0-8A63-E4618084C321.jpeg
452a16f63c56105ad203364e41a6851d4ba775725b66239b8a2e0a763d85fa73	668100	03567BD0-1FDF-41B9-AA78-1F4FB2EB4AA3.png	p1/03567BD0-1FDF-41B9-AA78-1F4FB2EB4AA3.png
b62b9e241330cab964948eae1ac791805314d0a95ba3c61b19c6badb403b76bf	219428	07215EFF-CA03-4801-A96E-20003C7088B7.jpeg	p1/07215EFF-CA03-4801-A96E-20003C7088B7.jpeg
0810d778a6d78d0b66044313ebdd568bc2a366259e48500d3282959ebf548eac	601311	09E0380C-E4AB-44EC-8359-6E88B3A42C7E.jpeg	p1/09E0380C-E4AB-44EC-8359-6E88B3A42C7E.jpeg
c7ea1d0a41ff128fbe447ae651d17a3472db689338cb8bb603696ae3d0479ef6	953253	1272F237-4138-4511-BFE2-1FC9CAC49656.png	p1/1272F237-4138-4511-BFE2-1FC9CAC49656.png
29871a82c06560541263a71e3fdeb18342179dc28f3bea9c6823fb3e162328e9	247479	133C65B9-D7BF-40DD-B979-1CC41FCEBDF7.jpeg	p1/133C65B9-D7BF-40DD-B979-1CC41FCEBDF7.jpeg
8743a73b147a45aa455ee01bb271e7d8d6d875c6534a553a5675dd3c20621427	263508	146175D5-D838-4A87-9307-E5F23A3A24AC.jpeg	p1/146175D5-D838-4A87-9307-E5F23A3A24AC.jpeg
c844e7a807c1a45e694f6f8eabfabddbf0983ae7644d709c100fdf0744adc268	226305	20A55B72-1205-4821-80B0-1874D990A7DF.jpeg	p1/20A55B72-1205-4821-80B0-1874D990A7DF.jpeg
d115c8cf1f8e2b7f9d8e35ca04fa1d513f757e013de6f2e206da943bfcce4265	233194	2130F366-2FDC-42B5-B510-1C93055060B2.jpeg	p1/2130F366-2FDC-42B5-B510-1C93055060B2.jpeg
d707158e963df37fdeb291878b403a2ced05dc98f9ca5650c16d49b3f04f552b	5410640	2604.21691.pdf	p1/2604.21691.pdf
c84ecad3cd14d0d804362654212f836ab8d78b7ddc0b6f1fa2f5763bf79744c4	669642	2FE0F8EA-6A02-4212-87F1-67363B1EBFD2.png	p1/2FE0F8EA-6A02-4212-87F1-67363B1EBFD2.png
e5dcff63297adb97ccd2cd8d5cb00c95641347d5aeb4c5b55f5dfe18f9174409	176120	2d16f5ad-a42f-4f91-85b5-9fd0e40236db.png	p1/2d16f5ad-a42f-4f91-85b5-9fd0e40236db.png
d6b19241793516d1f90a76044625f80f10255e1b54595792c2d18f82dc8b24cf	731958	31CD0118-1264-4F7E-BFA5-FDB73203FF04.jpeg	p1/31CD0118-1264-4F7E-BFA5-FDB73203FF04.jpeg
6eeb39b28db835f018c82c3b11756e6769bc737132cc2cfd4ee37462029c4c31	889521	339F8790-D3CB-4770-95E2-103FA999D95E.jpeg	p1/339F8790-D3CB-4770-95E2-103FA999D95E.jpeg
d2f2d45839942e1821d482dc8477adc2f8ca9e3cdf9dd2a5a0fcd952d7605955	331313	38118552-E2E3-48F7-97E4-E6359D0A0EA3.png	p1/38118552-E2E3-48F7-97E4-E6359D0A0EA3.png
9d06cf11ab32589d0a68fde8a341b1346fb44e4c852ea33549c38c8e2175deeb	106138	3FEFBDA2-BF40-4CFF-BDC8-3689150BF542.jpeg	p1/3FEFBDA2-BF40-4CFF-BDC8-3689150BF542.jpeg
3dc8b9c6ddad0c8009364cc0d11266fbbe1375db8f5f14c4f8ff345fcd93990e	48051	3be50ebd-e8f1-4a06-82eb-2c3b8cf6db16.png	p1/3be50ebd-e8f1-4a06-82eb-2c3b8cf6db16.png
9b133d91ab2ec87713cffb02e4775103eb90e327a91f4d5111e7fd87393901d1	131064	4650A2DC-DAC8-4A7F-955A-16D9E8293407.jpeg	p1/4650A2DC-DAC8-4A7F-955A-16D9E8293407.jpeg
c94f3381a8f9bbdf79afa0e25653e59f7f3f64a6636248078a9c92210f0a7853	595140	48407FBA-D9B5-4D1D-8DE2-E29C725B41D1.png	p1/48407FBA-D9B5-4D1D-8DE2-E29C725B41D1.png
f8cf9da706cdf63e3ff67b242c743ff7f3462fb895355b72c0186413f016bbe8	85744	4C4121C8-117C-4728-8F5D-B0A7E7D42D55.jpeg	p1/4C4121C8-117C-4728-8F5D-B0A7E7D42D55.jpeg
076090ebf494e120430a22fa5b7a924f80daf90a57e2bdc7705996ad1d51204a	847844	4b516059-11b2-4250-ab44-813443ca3e74.png	p1/4b516059-11b2-4250-ab44-813443ca3e74.png
9c481273cc3a36ade999c5bef0f75a49245b2de8780986c985545847a48999bb	517741	51dbf014-27e5-4134-ac85-eb32459f656d.png	p1/51dbf014-27e5-4134-ac85-eb32459f656d.png
58ef39d81e781fbb78a4c413792fc456f05eca74cb74c5201a3b4d913c920831	305457	58751c5e-d4b0-421c-95c0-ef83698acd68.png	p1/58751c5e-d4b0-421c-95c0-ef83698acd68.png
ff3008afceded3d201b447dbc24d17c28c0a244e8a48873a43399364a1bb4275	245628	63F5C005-92E4-4CC9-B7AC-77CA0581DE13.jpeg	p1/63F5C005-92E4-4CC9-B7AC-77CA0581DE13.jpeg
1b5badd79341d9696f4fe3eb20b12e976b5f270636c91967c8d994e1c5dc5148	471338	6619605F-7D93-49B8-ACCE-6B59D08225BB.jpeg	p1/6619605F-7D93-49B8-ACCE-6B59D08225BB.jpeg
a8c7bade8ca38c32ba6a8103c8080ae616b26c069f4f3e0b3a1c8becdab94ea6	970963	6EC930C6-DA00-4703-8390-10E9A3B6C1E9.jpeg	p1/6EC930C6-DA00-4703-8390-10E9A3B6C1E9.jpeg
ce51603eee15a48646fa9c82e9c06007e368a80328dacc996da487c315ebc43b	390229	73988A96-E5E2-4092-BFC3-26F28AD71C9F.jpeg	p1/73988A96-E5E2-4092-BFC3-26F28AD71C9F.jpeg
abf32afe7cb780c80c3280f0561106fe0ee679e7732daee3e73bee4cf2b8e70e	177353	74302ec9-bec5-4d17-9838-9aa17c5f7a78.png	p1/74302ec9-bec5-4d17-9838-9aa17c5f7a78.png
26139bd7ae0ef1b98cc77ce834a6390bf8c33589682db0f25cf802d4bb90dc9a	129242	8240eec4-2502-4d3b-8f77-b77b9cbe3253.png	p1/8240eec4-2502-4d3b-8f77-b77b9cbe3253.png
f995415f4763b65d0d46b7ec5902369a24604779383bab2af244f47ee959c411	40961	855ef64d-a127-43d7-b9a2-83f89ac3d780.png	p1/855ef64d-a127-43d7-b9a2-83f89ac3d780.png
63505235b70ccaa8fb99650c3fc80f94d5808163fd61b9fa8ccac2877185fa12	190593	8A56F9B8-C0DF-4D61-9482-F09286D2A869.jpeg	p1/8A56F9B8-C0DF-4D61-9482-F09286D2A869.jpeg
5ed9a7173cfbfdc78db6ababd789e7ec77674cb52bfa59c7ed70f858d3a876a1	255814	94A2A2ED-4148-4EA5-9E48-F492A2154BB2.png	p1/94A2A2ED-4148-4EA5-9E48-F492A2154BB2.png
1b847a7fbd2e33b89008a94a85c665740a7e0441ffb8dc7b3ab4a8bd915c038e	560291	96873B81-ABC9-4854-8F6A-CF79AE3172B0.png	p1/96873B81-ABC9-4854-8F6A-CF79AE3172B0.png
3a3726ef45f21d8eab5bd457f31535d5790774e79a642760de8c7809637d5352	731092	9f4f8e08-b3aa-4f79-be57-4f6e1e4eb7e0.png	p1/9f4f8e08-b3aa-4f79-be57-4f6e1e4eb7e0.png
81ad43586867a81cde06f90e149241e2edaa22f444ec685add513c137b8b75f2	195118	A8C96338-5F35-49FB-9B8C-FE11049F8B2E.jpeg	p1/A8C96338-5F35-49FB-9B8C-FE11049F8B2E.jpeg
8d185eb81feb2827eca519d7a6ba6c4bfe3bd89abebfac2ade2c10302b4f9fd3	10203	ANEKANTA_UNIVALENCE_DELTA_13_2026-08-13.md	p1/ANEKANTA_UNIVALENCE_DELTA_13_2026-08-13.md
eb34f0bd7eb33ddcd03d3b91fda8e670fe201a848d9e01ba57c1bc3cccc4954a	25913	Arithmetic Research Ledger.md	p1/Arithmetic Research Ledger.md
c8d9e9eac4b1d3a38df789a1b37ba854b0f537255411243290bd7094995f42a5	291207	B16640B4-787B-41B8-A3C1-BF25624451F2.jpeg	p1/B16640B4-787B-41B8-A3C1-BF25624451F2.jpeg
fa63360de8b16fd29955165f006871ae48a4810d571b9f6133f2a20f4b6005fd	873938	BFEFBA46-E8EF-41DE-937A-35AFB559BC34.png	p1/BFEFBA46-E8EF-41DE-937A-35AFB559BC34.png
d7f6460fc89ca0e5280e554b7db1984116a7a2519c6017c7517f3c2ec40d0db6	253314	C2465601-495A-43AB-B63F-E94CB49F0A8A.jpeg	p1/C2465601-495A-43AB-B63F-E94CB49F0A8A.jpeg
ead82999f0fcf03afd582cee0cb9c77fecd654287e368360aab488f4d4646a76	518532	CB69C20D-90B5-436A-A809-3275446301E6.png	p1/CB69C20D-90B5-436A-A809-3275446301E6.png
57fd0ba93fe5eb7611bd74b3fb5a9d70a24291e872e710e5094df8daf4d58346	755432	CCE74F03-5972-43F8-B85C-7B06ABCB03CB.jpeg	p1/CCE74F03-5972-43F8-B85C-7B06ABCB03CB.jpeg
d6f041fd24b9454730925876eb4d45c7cdb12a322476223aaacab52ba24d99be	459454	CED01638-4B17-47EC-81EF-788054BA1303.jpeg	p1/CED01638-4B17-47EC-81EF-788054BA1303.jpeg
17dea70a72a54b4cb74b21d69167ea68828e4202c68e33ca7bb2efffe506c242	11908	COORDINATION_GRAPH_DELTA_2026-08-12.md	p1/COORDINATION_GRAPH_DELTA_2026-08-12.md
57fcda6006a4f398919eb535e5ed48f51168a0a6c6d34310a40ebdac7a2f3f48	91137	COORDINATION_KERNEL_MATHEMATICAL_ARCHITECTURE_V0_1_2026-08-13.md	p1/COORDINATION_KERNEL_MATHEMATICAL_ARCHITECTURE_V0_1_2026-08-13.md
474e12aba0394f584661afc8a83a06b5c31061a3d1b4bbd0f2462a0f3870f083	89843	COORDINATION_KERNEL_V0_1_2026-08-13(1).md	p1/COORDINATION_KERNEL_V0_1_2026-08-13(1).md
ab969bc01c34900003301edec1dd9aa5bd2545613873f8de04a6549d70027862	9361	COORDINATION_THEOREMS_III_2026-08-13.md	p1/COORDINATION_THEOREMS_III_2026-08-13.md
10d7bbf615365e8da1672b1364b4c22d29e4cda099fa45589a4fd53b65182381	6097	COORDINATION_THEOREMS_II_2026-08-12.md	p1/COORDINATION_THEOREMS_II_2026-08-12.md
f6d96d18bcb9d7211d286c3190902787c73b9bd23b90823854c1f7930ad8c940	17457	COORDINATION_THEOREMS_IV_2026-08-13.md	p1/COORDINATION_THEOREMS_IV_2026-08-13.md
816d047d75a457a49dac22917af0c4f1f90a6edd5bb60bb66ff407c5e8c4f88d	15467	COORDINATION_THEOREMS_IX_2026-08-13.md	p1/COORDINATION_THEOREMS_IX_2026-08-13.md
c3794ccbbe13e1504f2d440d5a8c3d6c2b5ea0ca0b62477aab0f856104d30b92	12666	COORDINATION_THEOREMS_VIII_2026-08-13.md	p1/COORDINATION_THEOREMS_VIII_2026-08-13.md
19e36f92e107b38cb4fac6635f6578f63feca2a9c789b58c5cb1ebb9efbf3a5e	13706	COORDINATION_THEOREMS_VII_2026-08-13.md	p1/COORDINATION_THEOREMS_VII_2026-08-13.md
70f21fbbefc80646f441a3b14e702962925ea1eafde727e424120a22a3573894	13485	COORDINATION_THEOREMS_VI_2026-08-13.md	p1/COORDINATION_THEOREMS_VI_2026-08-13.md
95eed2a41a393825ac7db906ec66e499db069d7e4dbb0b5ed6989aa4304677fd	14143	COORDINATION_THEOREMS_V_2026-08-13.md	p1/COORDINATION_THEOREMS_V_2026-08-13.md
7b198f2e9373430d403aca29b18966664ab305537b657005d5e373f89ccadfd1	12124	COORDINATION_THEOREMS_XIII_2026-08-13.md	p1/COORDINATION_THEOREMS_XIII_2026-08-13.md
6b2b9a987eb4e77e5b1307891fd0e39188e589c3865470e7ef88687d82233e17	13919	COORDINATION_THEOREMS_XII_2026-08-13.md	p1/COORDINATION_THEOREMS_XII_2026-08-13.md
66ab607c67572c6f3707ecd6521e89da394a8ed9de72ae2a879b842db1daf833	10373	COORDINATION_THEOREMS_XIV_2026-08-13.md	p1/COORDINATION_THEOREMS_XIV_2026-08-13.md
89390a981c4cd59353436ea956265bf708d1cbb58a49dc7403683521a3def1d8	12709	COORDINATION_THEOREMS_XIX_2026-08-13.md	p1/COORDINATION_THEOREMS_XIX_2026-08-13.md
4c48ef68b06edcd90f0881f3c11acc65d77d76317231fc8a5fc9952b2773b2dc	11810	COORDINATION_THEOREMS_XI_2026-08-13.md	p1/COORDINATION_THEOREMS_XI_2026-08-13.md
78975d4d283a67202139883536fabec997eb4cadf86f38c0963f2f5dce5da953	11104	COORDINATION_THEOREMS_XLIII_2026-08-13.md	p1/COORDINATION_THEOREMS_XLIII_2026-08-13.md
0c846e7200c1262ca7cee9e0ac4921f5b617bc296167e1ea5fdc91f832ae2a91	12446	COORDINATION_THEOREMS_XLII_2026-08-13.md	p1/COORDINATION_THEOREMS_XLII_2026-08-13.md
8c919e26884dcb8c8a35ab7092f505d38316e89beee1b386c8658423932197f9	11621	COORDINATION_THEOREMS_XLIV_2026-08-13.md	p1/COORDINATION_THEOREMS_XLIV_2026-08-13.md
00f8fe16c55270cf607109ebdc46031e6c9b83bb26a204c5e0c86570ab1e8e7a	13407	COORDINATION_THEOREMS_XLI_2026-08-13.md	p1/COORDINATION_THEOREMS_XLI_2026-08-13.md
7d16785a1db5e2d9681b96cb889b8a137ef435c6715d8d48a72b8b158ac6c70a	10741	COORDINATION_THEOREMS_XLVI_2026-08-13.md	p1/COORDINATION_THEOREMS_XLVI_2026-08-13.md
5086247e3b52933116971263cf1be8a354c6d875915999500577e17f36a123e6	8038	COORDINATION_THEOREMS_XLV_2026-08-13.md	p1/COORDINATION_THEOREMS_XLV_2026-08-13.md
8d7bd459f79e7c2621586bd528afe29bb7a30bf5540cb677757060845306894e	9271	COORDINATION_THEOREMS_XL_2026-08-13.md	p1/COORDINATION_THEOREMS_XL_2026-08-13.md
d4b06d056411b9efb598aa7dd860ea4bf8743c8baaed99dc56940e4779783d15	9965	COORDINATION_THEOREMS_XVIII_2026-08-13.md	p1/COORDINATION_THEOREMS_XVIII_2026-08-13.md
c67c7cf4bfcd9751605728eedb17393bdcdfd127f535064038e374d06830b991	9207	COORDINATION_THEOREMS_XVII_2026-08-13.md	p1/COORDINATION_THEOREMS_XVII_2026-08-13.md
f74bcaeea8cbcd11fede7e6b827925ed8329b2a4d4e7e17653544809d31c0fc9	13196	COORDINATION_THEOREMS_XVI_2026-08-13.md	p1/COORDINATION_THEOREMS_XVI_2026-08-13.md
02f9d91641851facbc95f3d3e88c8cf3f62bdd4e1318d0452130b117b4974d78	9798	COORDINATION_THEOREMS_XV_2026-08-13.md	p1/COORDINATION_THEOREMS_XV_2026-08-13.md
251b0273b2a4e681a4cc52ac0bc8951a83eb46079b2dd2be5b5f7f9b99eeaa67	9523	COORDINATION_THEOREMS_XXIII_2026-08-13.md	p1/COORDINATION_THEOREMS_XXIII_2026-08-13.md
167f114577617b1b35d5ade1a5afb1774182b888c97cc5f24d99668d68abb150	10615	COORDINATION_THEOREMS_XXII_2026-08-13.md	p1/COORDINATION_THEOREMS_XXII_2026-08-13.md
d47639eb40016be32a9be945434576ec89bdf66ee133fbe4bdd2c117c08962c9	10685	COORDINATION_THEOREMS_XXIV_2026-08-13.md	p1/COORDINATION_THEOREMS_XXIV_2026-08-13.md
b4ca2d01c760c5f310ee2d2f950fe1616a58ad5be51008d476e1f7866985f140	9135	COORDINATION_THEOREMS_XXIX_2026-08-13.md	p1/COORDINATION_THEOREMS_XXIX_2026-08-13.md
1b6ab61360eee08e6dd92f39cc71cdd7de8a345063c846c0d276f6e179aaca0e	8163	COORDINATION_THEOREMS_XXI_2026-08-13.md	p1/COORDINATION_THEOREMS_XXI_2026-08-13.md
ecabb0f6d57f276b8ac53caab74426488ce18ebe7585889a290608edc2fd1c7f	8350	COORDINATION_THEOREMS_XX_2026-08-13.md	p1/COORDINATION_THEOREMS_XX_2026-08-13.md
e3b14a0f5caf2b41c37f0d5311a2f3cdeeb3b77e9662fae48d33fccbc3355ed4	10560	COORDINATION_THEOREMS_X_2026-08-13.md	p1/COORDINATION_THEOREMS_X_2026-08-13.md
6d22f1c71e72323cfb22e9585647e9d040e5101cea97a071b83aff5a8454f330	218741	a1bfe1a8-f47a-4bc6-a4fc-1e48d4b1888a.png	p1/a1bfe1a8-f47a-4bc6-a4fc-1e48d4b1888a.png
550d607691b64e649e2b2aa804c3544829adc122f4fb4b7521ff54fd836cd736	77370	a9e4d61b-aa30-4852-af86-afc7f8408c1f.png	p1/a9e4d61b-aa30-4852-af86-afc7f8408c1f.png
ef2f3ee1deebcebf36d94533f7e40123ae993960192e508d4135f19aeed73640	134244	bac91066-f32e-42f2-9213-d51cc4ed716f.png	p1/bac91066-f32e-42f2-9213-d51cc4ed716f.png
22709a1873dcb5f7e6d37120d1c51b3901b038c75d4d683e82bb099bdcb238d8	717428	badd37f5-6d52-4d18-8c1c-3c569a89c365.png	p1/badd37f5-6d52-4d18-8c1c-3c569a89c365.png
1b1104fc5c13fd1ea482e72c701cc761bc74c2a3eb308fa1dc8744b80d8bbe61	153961	bb18ad29-8542-4261-a317-40f3f6cd0ca3.png	p1/bb18ad29-8542-4261-a317-40f3f6cd0ca3.png
963f4cc57b60bce9fb1b2313bd2ccca0d7e5f46209d66985a5cd90a1d082fe0e	75958	c84ea8bc-9ffd-4597-a254-1ce58cdf8895.png	p1/c84ea8bc-9ffd-4597-a254-1ce58cdf8895.png
9ead8bbeb7c1f669ded9d2a8a72021f703aa78c27beb5f7ba98b815e57ccc02c	94051	cd9dcf47-6067-4e53-b807-dfd9892a269d.png	p1/cd9dcf47-6067-4e53-b807-dfd9892a269d.png
92b1aa02278a8535f31cb1a83e43f3346f7d0d6cbe45a024bc022c0c194fe619	1564047	chart-1(1).png	p1/chart-1(1).png
abfe8ca1f92411ac0202abc85f59c2a5aa7ca326556c73c84c4cb3491e3edbf8	1864670	chart-1.png	p1/chart-1.png
93708d1db91ff159a5b7671ee7421bb5f31fd265a667ba6b888625b3f0599579	49030	coordination_internet_whitepaper_v0_1.docx	p1/coordination_internet_whitepaper_v0_1.docx
3c455d08d346caf0cff76ec17fac669b28007dcea5726465e186faa3b7463b5c	448906	IMG_3CAD8F8A-23F8-46BC-A442-46F7E55D4FE6.jpeg	p2/library_export_2/IMG_3CAD8F8A-23F8-46BC-A442-46F7E55D4FE6.jpeg
32977ba263f97542edb97816891d3b2064c7daf9358862081b432f73c32c08eb	517547	IMG_3D5EA939-9B38-4C7D-81F1-CBE9A2B5CAD0.jpeg	p2/library_export_2/IMG_3D5EA939-9B38-4C7D-81F1-CBE9A2B5CAD0.jpeg
e32b1946f866bd431d2a6cc420e713fab173611a3f1d3d34e7361eed02280f0b	394538	IMG_4090.PNG	p2/library_export_2/IMG_4090.PNG
d21d6c2ea81e706a18c393e7210310e2a717eecbaea05db94105df8c9948d3ad	363164	IMG_44D1CA8C-367F-4102-9BCF-6FB17CBB664C.jpeg	p2/library_export_2/IMG_44D1CA8C-367F-4102-9BCF-6FB17CBB664C.jpeg
3105eb62cb51d3496b1a4cdcd1ff41f4d72ef83dda4528f93d20ce85d0853f7d	389530	IMG_4C78B4E8-ACA1-4B1D-9EB3-6787895446E8.jpeg	p2/library_export_2/IMG_4C78B4E8-ACA1-4B1D-9EB3-6787895446E8.jpeg
759155dbacbf5ed7866f850cd43dabad72cf73a18ca9cf84f6bc5ea15f820a76	510176	IMG_56723B1F-BCDD-424E-B0D1-FBC4C4A0FA7E.jpeg	p2/library_export_2/IMG_56723B1F-BCDD-424E-B0D1-FBC4C4A0FA7E.jpeg
c3b90ef9bd049a9834ce9ee4e10adc78862c8961b1e4d36a9c012b936f937521	494908	IMG_56C7E801-EFD6-4EAE-894C-AD61B3F4696F.jpeg	p2/library_export_2/IMG_56C7E801-EFD6-4EAE-894C-AD61B3F4696F.jpeg
00c20c5d69750f0213e954cdba056da15bac9f875952ed5f1d6e86f49d9e3f19	294187	IMG_5E04D8AF-B05F-4C7E-AAB0-4CEC7FEF65D7.jpeg	p2/library_export_2/IMG_5E04D8AF-B05F-4C7E-AAB0-4CEC7FEF65D7.jpeg
6780b6ed65d6a3afb8e9bfac0572bbcc775ae55ec5311c2e28a0e5a367268079	457027	IMG_79FC69EE-5D43-4235-86E3-7EEC2E45CB34.jpeg	p2/library_export_2/IMG_79FC69EE-5D43-4235-86E3-7EEC2E45CB34.jpeg
9fd27a684c16c1eb7ec5fac832a8c1ff4552ca805841158b6b228d88ecf5d23f	526102	IMG_7B405F14-1A9E-47A1-9C61-C5AD8ABB42AF.jpeg	p2/library_export_2/IMG_7B405F14-1A9E-47A1-9C61-C5AD8ABB42AF.jpeg
5837adb85d747f83dd75558eaa030e7206a3e3573d25e43f945da15ee106b9d7	272442	IMG_7EC42358-B69B-4BF5-9B03-F0144980A816.jpeg	p2/library_export_2/IMG_7EC42358-B69B-4BF5-9B03-F0144980A816.jpeg
245009f9b566aab96fe7e233ff60145a8185e635e610ece0c8956349708ab71d	554424	IMG_7EEE644B-7F52-4D69-8D53-CB415DB9FA4B.jpeg	p2/library_export_2/IMG_7EEE644B-7F52-4D69-8D53-CB415DB9FA4B.jpeg
6143b39340e9c9072e1fc89ce8089bd115092391c27afe4dc17a98ba68099267	273173	IMG_803930DC-FA0A-4E87-9785-42E758DCC55F.jpeg	p2/library_export_2/IMG_803930DC-FA0A-4E87-9785-42E758DCC55F.jpeg
d454d1bcfff492a6a318d041b413db9229d52dfc0ccf292363c5e89512dc6ae8	368775	IMG_81875026-0DE9-4D77-8BB4-5034757FB035.jpeg	p2/library_export_2/IMG_81875026-0DE9-4D77-8BB4-5034757FB035.jpeg
bcb1d8c1b4f5beb48e2d4d4c0773524e8399cc469770f2ab859dd69535d8ca7c	396755	IMG_9281AAA5-FBC8-47EC-B158-CA00F940A470.jpeg	p2/library_export_2/IMG_9281AAA5-FBC8-47EC-B158-CA00F940A470.jpeg
334773df25546ac8095b27b9c46ccfed5bdc9a2a273b6604c3fa9a6cec653ecc	328577	IMG_9C267A49-E632-49DD-AF99-A263808AF629.jpeg	p2/library_export_2/IMG_9C267A49-E632-49DD-AF99-A263808AF629.jpeg
5491b7351c3270bd7d8d7dd5ba23edb35d91017be8aded669099126c4edd6e0c	390425	IMG_A1205647-0538-4EDA-9F79-57686BC615E6.jpeg	p2/library_export_2/IMG_A1205647-0538-4EDA-9F79-57686BC615E6.jpeg
64f995a09a0467bbebd3b5501b92163e6b4920250ee7c1dd525e4a1c41ebc633	326235	IMG_A74E9E23-F240-47AB-9214-42717F4F8EDC.jpeg	p2/library_export_2/IMG_A74E9E23-F240-47AB-9214-42717F4F8EDC.jpeg
a3da9369f6652099b44bd794bb82742fbd30ee43e2d3d756cb07349334ab864b	274606	IMG_AC61A593-F110-4279-93DB-E59CFB8BEBA4.jpeg	p2/library_export_2/IMG_AC61A593-F110-4279-93DB-E59CFB8BEBA4.jpeg
ab009f763d388bc99adecf2673e1743c13941d4ce6a01d2eb428cd3846f64e3d	439219	IMG_B036643D-AE72-48BD-B0BE-57F1C97D67CC.jpeg	p2/library_export_2/IMG_B036643D-AE72-48BD-B0BE-57F1C97D67CC.jpeg
eeff851d6a81596b98c17365145912e952366e05d2a6a34a2eac40c33784a9aa	359039	IMG_BA528DAE-6625-4984-85BC-C889FD8842D0.jpeg	p2/library_export_2/IMG_BA528DAE-6625-4984-85BC-C889FD8842D0.jpeg
fc40fe7a4a4a98b29f8deabba44509a2de990d9278c04cc79754d6fc221220a4	376464	IMG_C0D2A250-653A-44CC-9FFF-D03B14501201.jpeg	p2/library_export_2/IMG_C0D2A250-653A-44CC-9FFF-D03B14501201.jpeg
282f200e4d9341656ee21d88ff7f818fa881c3bba1a625cfb7d9a51b06fe66b7	421662	IMG_C955B0A8-8FDF-48A6-BD87-9AB67FEA7E77.jpeg	p2/library_export_2/IMG_C955B0A8-8FDF-48A6-BD87-9AB67FEA7E77.jpeg
72567bd15dbab06a4d596f13221d256107eb4d5789c99c61838b4c8e3f11c0c9	332754	IMG_CA068361-FC69-47EA-A568-6AD0A441F2EF.jpeg	p2/library_export_2/IMG_CA068361-FC69-47EA-A568-6AD0A441F2EF.jpeg
676f0f088e681bc86f18bde8836242fdbaabb34837f5da19fbc657dbf38e4a17	476387	IMG_D61A6A4A-C579-40D8-B62D-E3B0B562400B.jpeg	p2/library_export_2/IMG_D61A6A4A-C579-40D8-B62D-E3B0B562400B.jpeg
72951d4c33a69e15e88801fd487267d037fae4df5baea59d482538dac00b3c0e	423328	IMG_DC7361AB-4CFA-4C56-B55C-3E005C4017B1.jpeg	p2/library_export_2/IMG_DC7361AB-4CFA-4C56-B55C-3E005C4017B1.jpeg
9f8c70a366d9f70191f6b36f50a4e698bd41633298798806777ecf76fc90a542	462055	IMG_E31E2CB7-8E5D-4130-8FAF-FB7D1DE721FB.jpeg	p2/library_export_2/IMG_E31E2CB7-8E5D-4130-8FAF-FB7D1DE721FB.jpeg
fb98e9e21a666ed3d0cc4c8e2d1713a04ada9987c2cebf34c7589ae3b75916de	512506	IMG_F261FB75-8F56-49D1-86D7-CEAB99FAB075.jpeg	p2/library_export_2/IMG_F261FB75-8F56-49D1-86D7-CEAB99FAB075.jpeg
0c6d84901e42fb9f514e3e66360b84384b13b5770985eee7639b99578293b2f5	7129	KNOWLEDGE_GEOMETRY_DELTA_08_2026-08-13.md	p2/library_export_2/KNOWLEDGE_GEOMETRY_DELTA_08_2026-08-13.md
8ac55ba67279372645adbfd983a336f7c8746d8884e0c1e1d1aff8594805a99c	12091	MODAL_PROCESS_SEMANTICS_DELTA_10_2026-08-13.md	p2/library_export_2/MODAL_PROCESS_SEMANTICS_DELTA_10_2026-08-13.md
be26ca35060cad980add8953e15530ef4dcdc9598288fc368b95d001e894407b	905461	Mathematical Research: Projection Loss Explained.png	p2/library_export_2/Mathematical Research: Projection Loss Explained.png
006ba086511d415bf4bf09ed23e55fb32c3eed0f66c212e82aad6d85a8a11744	1903526	Neural Network Flow in Vibrant Colors.png	p2/library_export_2/Neural Network Flow in Vibrant Colors.png
cde66e3c28fd7661099a395248a11f6e22b5ea779dee1096ff67c844fa0f7e86	17967	PARAMETRICITY_REENTRY_DELTA_12_2026-08-13.md	p2/library_export_2/PARAMETRICITY_REENTRY_DELTA_12_2026-08-13.md
efa7ce678070b14578337ff3c9e6d9293471aaac2de69953e73874cb09adab0d	4786	PRIME_COMPRESSION_CURVATURE_FINITE_2026-08-13.csv	p2/library_export_2/PRIME_COMPRESSION_CURVATURE_FINITE_2026-08-13.csv
9e8333dce062fce3bfb5bb2b0bdfa711ead0980c128b9e2df4d6e635967788ba	3677	PRIME_PAIR_BOUNDARY_OPERATOR_DELTA_2026-08-11.md	p2/library_export_2/PRIME_PAIR_BOUNDARY_OPERATOR_DELTA_2026-08-11.md
d65a9c7fd01024c50375ff334a62a5a922c5adc66a7048c3e81d15b172022206	4773	PRIME_PAIR_CANONICAL_CHARGE_CORRECTION_2026-08-11.md	p2/library_export_2/PRIME_PAIR_CANONICAL_CHARGE_CORRECTION_2026-08-11.md
e52789fb5834973dc4e1019731cc81cb11b4850004cc0ada627cbb62c75975a2	3409	PRIME_PAIR_CHARGE_BOUNDARY_DELTA_2026-08-11.md	p2/library_export_2/PRIME_PAIR_CHARGE_BOUNDARY_DELTA_2026-08-11.md
12c7a0177a0973e053b85b1b9846d2f4f1eec797b6e3b1516c1fc0d92ed8cf90	4654	PRIME_PAIR_CHARGE_CHARACTER_SPECTRAL_DELTA_2026-08-11.md	p2/library_export_2/PRIME_PAIR_CHARGE_CHARACTER_SPECTRAL_DELTA_2026-08-11.md
443019ce73ef8f4ce34d534fe723043872f519896645f0636d69948159839b65	8864	PRIME_PAIR_CHARGE_PROJECTOR_DELTA_2026-08-11.md	p2/library_export_2/PRIME_PAIR_CHARGE_PROJECTOR_DELTA_2026-08-11.md
b545074970c203f2e3910c0e61ac1b11f320d4fabee3760cd512456a1abae202	21589	PRIME_PAIR_CORE_RESULTS_CONTINUATION_2026-08-13.md	p2/library_export_2/PRIME_PAIR_CORE_RESULTS_CONTINUATION_2026-08-13.md
9702b3be6d0f23457d1b043943c94ec4b2dc79d65c634802d9f8a27bc83957d7	23254	PRIME_PAIR_DESCENT_TRANSPORT_PROOFS_2026-08-13.md	p2/library_export_2/PRIME_PAIR_DESCENT_TRANSPORT_PROOFS_2026-08-13.md
b6615df025326237f61b20d7adec8a85934920a94a755402dfe05906ebbde1eb	4326	PRIME_PAIR_DIVISOR_LATTICE_TWO_CHARGE_DELTA_2026-08-11.md	p2/library_export_2/PRIME_PAIR_DIVISOR_LATTICE_TWO_CHARGE_DELTA_2026-08-11.md
1fc6e7eed320f07625a1634e2f3ebce20140ac8d7b2a96105913769c9d175886	14670	PRIME_PAIR_FIELDS_MEDAL_DELTA_02_2026-08-11.md	p2/library_export_2/PRIME_PAIR_FIELDS_MEDAL_DELTA_02_2026-08-11.md
8c6cf5dbd29a80bc985fe2516fdc9c05ea8655a0606a44e87a36be9e99a64ce1	24566	PRIME_PAIR_FIELDS_MEDAL_DELTA_03_2026-08-11.md	p2/library_export_2/PRIME_PAIR_FIELDS_MEDAL_DELTA_03_2026-08-11.md
7d11f71fce48655c34423141ed71cb7246bc610a1bc4e53ef2713ecc2dd321e8	26935	PRIME_PAIR_FIELDS_MEDAL_DELTA_04_2026-08-11.md	p2/library_export_2/PRIME_PAIR_FIELDS_MEDAL_DELTA_04_2026-08-11.md
41915f7e2f8d8a664ca2bcaf980a4296c0a071323524becc50854d3aee9c2774	17715	PRIME_PAIR_FIELDS_MEDAL_DELTA_05_2026-08-11.md	p2/library_export_2/PRIME_PAIR_FIELDS_MEDAL_DELTA_05_2026-08-11.md
9436c4dba6b4862538866474d8addb811bf04fc5e737ff468f7bf657ef29bbc3	16339	PRIME_PAIR_FIELDS_MEDAL_DELTA_06_2026-08-11.md	p2/library_export_2/PRIME_PAIR_FIELDS_MEDAL_DELTA_06_2026-08-11.md
b6ff7c72c2799765ee8d1ca123c2b13764d683edefb8fff648bf40a92a5f5b1d	17848	PRIME_PAIR_FIELDS_MEDAL_DELTA_07_2026-08-11.md	p2/library_export_2/PRIME_PAIR_FIELDS_MEDAL_DELTA_07_2026-08-11.md
cb1a59ecaaa8374a00a2ee0d14107f90d47266b4da9972e3a1e724cb92f439ff	15962	PRIME_PAIR_FIELDS_MEDAL_DELTA_08_2026-08-11.md	p2/library_export_2/PRIME_PAIR_FIELDS_MEDAL_DELTA_08_2026-08-11.md
ddda0a29113048979b714e6b45643629c3e7040d4eafa2ffdc55aaf16d524516	13480	PRIME_PAIR_FIELDS_MEDAL_DELTA_09_2026-08-11.md	p2/library_export_2/PRIME_PAIR_FIELDS_MEDAL_DELTA_09_2026-08-11.md
91fa1d4af123f0c85b5b77d187e52547d639e48ed87b177893f1ce1c4d6edd51	13124	PRIME_PAIR_FIELDS_MEDAL_DELTA_10_2026-08-11.md	p2/library_export_2/PRIME_PAIR_FIELDS_MEDAL_DELTA_10_2026-08-11.md
b4a40e1c3fee08e27d63478bbd383c27e22e736e6157a11bf9438f0f0e332fde	14545	PRIME_PAIR_FIELDS_MEDAL_DELTA_11_2026-08-11.md	p2/library_export_2/PRIME_PAIR_FIELDS_MEDAL_DELTA_11_2026-08-11.md
5069c451e56f081066606a6da341b09989a90f63512db8e0b6271a085daf8de4	14754	PRIME_PAIR_FIELDS_MEDAL_DELTA_12_2026-08-11.md	p2/library_export_2/PRIME_PAIR_FIELDS_MEDAL_DELTA_12_2026-08-11.md
4c69ed6b0cecadc80e7d6e47612a61b5e23b06a8877b6052f9ce199d7ca7696a	10236	PRIME_PAIR_FIELDS_MEDAL_LENS_DELTA_2026-08-11.md	p2/library_export_2/PRIME_PAIR_FIELDS_MEDAL_LENS_DELTA_2026-08-11.md
3eb9bd437ddb7a22655e2a4d75253704148250dcd616358f311a0322b37b6210	133742	PRIME_PAIR_FIELD_AGENT_HANDOFF_2026-08-11.md	p2/library_export_2/PRIME_PAIR_FIELD_AGENT_HANDOFF_2026-08-11.md
456e9626b08e7d754fae9e050f14f9583bc4ea337a644b1410e78c4b1c26a657	3717	PRIME_PAIR_RESEARCH_DELTA2_2026-08-11.md	p2/library_export_2/PRIME_PAIR_RESEARCH_DELTA2_2026-08-11.md
bd267c8ac1963c0bc164a655b3fd0f854482cacb14280665263d74e4cc6ab5f4	3141	PRIME_PAIR_RESEARCH_DELTA3_2026-08-11.md	p2/library_export_2/PRIME_PAIR_RESEARCH_DELTA3_2026-08-11.md
98388face829a02a0303f5d0b4e15b84adb38f24e21cfa1afdd679322b1c8873	6263	PRIME_PAIR_RESEARCH_DELTA_2026-08-11.md	p2/library_export_2/PRIME_PAIR_RESEARCH_DELTA_2026-08-11.md
417acfe2fcd4d95cf8886d109d9022d0df5a9896c728d51187e706f18610e96a	8104	PRIME_PAIR_RESEARCH_FANOUT_DELTA_2026-08-11.md	p2/library_export_2/PRIME_PAIR_RESEARCH_FANOUT_DELTA_2026-08-11.md
add89ea2be313e7dc0b4e8e9e39b09a315a4a3599e41a055ecbfd2e7539d20ed	12601	PRIME_PAIR_RESEARCH_LIBRARY_INDEX.md	p2/library_export_2/PRIME_PAIR_RESEARCH_LIBRARY_INDEX.md
49312f8e51ea008fd2fa6189024a1836b83702e63f25e8c75e9d5a6930fbf090	15259	PRIME_PAIR_RESEARCH_STATE.md	p2/library_export_2/PRIME_PAIR_RESEARCH_STATE.md
b4801cfb5cad4e82311e5b326472de29e066780152bb53dfc5aaa7669fc2e129	29709	PRIME_PAIR_RESEARCH_STATE_2.md	p2/library_export_2/PRIME_PAIR_RESEARCH_STATE_2.md
753b2ef827fd5991a3ae64bfee7fd54f2b770b96317e14b0fdad8c836b76a940	10513	PRIME_PAIR_RESEARCH_STATE_DELTA_2026-08-11.md	p2/library_export_2/PRIME_PAIR_RESEARCH_STATE_DELTA_2026-08-11.md
7e4e0ae8fbc43aeb061b9f91d0030b72c847b23b360e3dd556df41b6f112c79f	4042	PRIME_PAIR_SMOOTHED_BOUNDARY_HERMITIAN_DELTA_2026-08-11.md	p2/library_export_2/PRIME_PAIR_SMOOTHED_BOUNDARY_HERMITIAN_DELTA_2026-08-11.md
e55adbea2c5bc14b5917432654ceb4111b72737c6a23d8a012129750c9f2e49e	12035	PROOF_CARRYING_RELATIONS_DELTA_04_2026-08-13.md	p2/library_export_2/PROOF_CARRYING_RELATIONS_DELTA_04_2026-08-13.md
6f46a59a7e41618444cceb89d1d32864fa6cb1fab2b8352846a90c57e8cbbfd8	14815	Pasted markdown.md	p2/library_export_2/Pasted markdown.md
c446a86994dc0f2a5b27ba7fc9de680e9492f7d5212ada081d67f4411c5eb018	61013	Pasted text(1).txt	p2/library_export_2/Pasted text(1).txt
b254fd9b89a7b2cc0eb842b17c5dac595378d764b4fa60068cb586bbb39e6b76	21958	QUANTUM_GRAVITY_ANOMALY_COHOMOLOGY_II_2026-08-13.md	p2/library_export_2/QUANTUM_GRAVITY_ANOMALY_COHOMOLOGY_II_2026-08-13.md
e271d175b417dfca55df6cca69aa2a753bb5bf6fc3f76fec10345e563629a0b5	33463	QUANTUM_GRAVITY_REFOLIATION_OBSTRUCTION_2026-08-13.md	p2/library_export_2/QUANTUM_GRAVITY_REFOLIATION_OBSTRUCTION_2026-08-13.md
1fc1c70ae5fda813299d741392a9e32a25ceb7b49b34e0fb1e30ae379416b286	31034	REFOLIATION_BRIDGE_DELTA_2026-08-13.md	p2/library_export_2/REFOLIATION_BRIDGE_DELTA_2026-08-13.md
8b5f83e1151b8041e4806f346bc2e9f31f46840740222158b6c4c1e743ff487e	9016	RULIOLOGICAL_COORDINATION_CENSUS_DELTA_06_2026-08-13.md	p2/library_export_2/RULIOLOGICAL_COORDINATION_CENSUS_DELTA_06_2026-08-13.md
0c1c92d10b930709860b782e849227ce80c115febcec0f14b0c75708d213cf69	15702	RULIOLOGICAL_COORDINATION_DELTA_05_2026-08-13.md	p2/library_export_2/RULIOLOGICAL_COORDINATION_DELTA_05_2026-08-13.md
50902d4939c0bca7a2a3773153f63a06ff63f22d1c2479d1b0ad2ec73e2f959c	10213	SELF_EXPANDING_EXECUTABLE_KNOWLEDGE_DELTA_07_2026-08-13.md	p2/library_export_2/SELF_EXPANDING_EXECUTABLE_KNOWLEDGE_DELTA_07_2026-08-13.md
72a11379ffbe41030a9663d3c24fdb80dd78a32b9d036c60fe55098cbf504313	15046	SUFFICIENT_INTERFACES_DELTA_01_2026-08-13.md	p2/library_export_2/SUFFICIENT_INTERFACES_DELTA_01_2026-08-13.md
b4d618806b45721681ae97a97a4bd3df0d4ec0da136d23c2d8d9f2299bba6988	9120	SUFFICIENT_INTERFACES_DELTA_02_2026-08-13.md	p2/library_export_2/SUFFICIENT_INTERFACES_DELTA_02_2026-08-13.md
3afb18d8ed7e84355b2f4f44e8b05b613d90ebd71aefbc748ec337f3618a92f5	10603	SUFFICIENT_INTERFACES_DELTA_03_2026-08-13.md	p2/library_export_2/SUFFICIENT_INTERFACES_DELTA_03_2026-08-13.md
696bc9f7b439737e5b6fc038f64caf2d38b9adfb51bcb3011db30da59b0a0391	3248790	Synergy of Nature and Knowledge.png	p2/library_export_2/Synergy of Nature and Knowledge.png
a4fa6685bfb94b718a022c91dead0ee6e2ad6e21ebb0e19b235604c7e3e8da6a	11750	UNIVALENT_PERSPECTIVAL_THEOREM_FACTORY_DELTA_14_2026-08-13.md	p2/library_export_2/UNIVALENT_PERSPECTIVAL_THEOREM_FACTORY_DELTA_14_2026-08-13.md
f86c41b5963a5fc3f9cd05636ef6bb170436dd1c676a5bdb9e55f0602bb2dd36	69005	knowledge_process_handoff.docx	p2/library_export_2/knowledge_process_handoff.docx
7f7c85ae2e381bafc99ae7019b1b17cd6617414aace5c77ad2028124efedf686	70129	knowledge_process_handoff.md	p2/library_export_2/knowledge_process_handoff.md
