# regenerated by ./sesa; grep -rniE over formal punaragamana/src machine notes
# LOWER BOUND: 15 hand-chosen phrasings.  ./sesa prints what a second
# phrasing set finds and this index does not.  Absence here is not absence.
# file	line	fence
formal/cubical/Drdha_TheFirmNumbersProductIsEveryPositiveIntegerAndTheirMembershipIsDecidedByDivision.agda	320	--     search.  HOW MANY TIMES each occurs is NOT settled here, and that
formal/cubical/NaturalMachine/AntyaSamskaraSthaulya.agda	352	-- constant in n — was left open here, as what the four cases make worth
formal/cubical/NaturalMachine/WalkChartedLength.agda	102	--      a theorem, and it is not done here.
formal/cubical/NaturalMachine/Nirjara_SheddingAPrimitiveCostsLaghava.agda	1658	-- ALSO NOT DONE: `nirnaya` handles two offers.  Paribhāṣā 38 ranks five
formal/cubical/NaturalMachine/TheLeastRefutingListIsNotUniqueSoTheMeasureIsANumberAndNotACanonicalWitness.agda	21	-- decoder survives — and left open, in my own words: *"is the least
formal/cubical/NaturalMachine/WalkStream.agda	38	-- corollary is the note's equality.  What is not done here is the
formal/cubical/NaturalMachine/WitnessNumberIsTwo.agda	219	-- Still open there, and narrower: whether any absence arising from the
formal/cubical/NaturalMachine/ProvenanceIsCarriedAndNeverConsumedSoFreeWasDoingDoubleDuty.agda	73	-- tracks the chain — is not done, and the audited module is NOT
formal/cubical/NaturalMachine/TheUniformFormIsNotRefuted.agda	69	-- that is the right lane is exactly what the note left open, and this
formal/cubical/NaturalMachine/ExponentBound.agda	238	-- STILL OPEN, and unchanged in count because this one split into two:
formal/cubical/NaturalMachine/RateOneIsExactlyTheUniversalClaim.agda	6	-- Closes the item I left open one cycle ago.
formal/cubical/NaturalMachine/AProvabilityDeterminedImplicationForbidsIndependence.agda	89	-- The positive case remains open and now has a stated requirement.
formal/cubical/NaturalMachine/TheParetoStratumIsDecidableAndTheFilterIsExact.agda	212	-- still open: the SIZE of the stratum, whether it lists all maximal
formal/cubical/NaturalMachine/NonUniquenessAndInexpressibilityAreIndependent.agda	27	-- WHAT IS NOT DONE, and it is that identity's own point
formal/cubical/NaturalMachine/MigrationNeedsALawAndTheLawIsNotFree.agda	56	-- not done here.  `obs` is an arbitrary family and no relation between
formal/cubical/NaturalMachine/AnyonyaAbhava.agda	397	-- fibres and Bool-valued models and are unaffected; what is owed is a
formal/cubical/NaturalMachine/OrderIndependenceTransfersAlongAnyNumberOfSteps.agda	60	-- order" that remains open.  Nothing is said about `n` steps of which
formal/cubical/NaturalMachine/OrderIndependenceTransfersAlongAnyNumberOfSteps.agda	170	-- and `trans`, which is not done, so the result covers a system whose
formal/cubical/NaturalMachine/CountedDigitsEdge.agda	14	--                      … A costed execution edge remains open until a
formal/cubical/NaturalMachine/CountedDigitsEdge.agda	138	--    repair it; that is not done here.
formal/cubical/NaturalMachine/TheStrictRateOrderIsAnOrderAndTheClaimIsAntitoneOnIt.agda	50	-- descends remains open, so the density witness is still truncated.
formal/cubical/NaturalMachine/NumberIsExponentialInDerivation.agda	135	-- eliminated, one identified, the magnitude still open.
formal/cubical/NaturalMachine/WalkJumps.agda	17	-- WHAT REMAINS OPEN, stated plainly -- AND ITS 2026-08-15 AUDIT.  The
formal/cubical/NaturalMachine/WalkJumps.agda	58	--     STILL OPEN, and checked to be so on 2026-08-15: there is no
formal/cubical/NaturalMachine/NamingIsNotAFunctionOfResemblance.agda	14	-- THE SCHOOLS, NAMED BEFORE THEIR TERMS, AND THE DISPUTE LEFT OPEN
formal/cubical/NaturalMachine/CountedComposition.agda	58	-- resumption edge left open by `CountedDigits`: that module executes only
formal/cubical/NaturalMachine/TheCanonicalFuelIsTheArchivesOwnLengthAndOverFuellingIsInert.agda	17	-- THE GAP, NAMED BY THE LINE ITSELF AND LEFT OPEN
formal/cubical/NaturalMachine/PairwiseCommutationGivesEveryOrder.agda	55	-- is NOT done.  So this covers a system whose elimination steps all
formal/cubical/NaturalMachine/WhereTheTowerCanStillBeThree.agda	10	-- WHAT WAS LEFT OPEN
formal/cubical/NaturalMachine/README.md	65	| `WalkFast` | *(header rewritten 2026-08-15; the old confession is preserved verbatim under HISTORY in the file.)* Formerly: "NOT DELIVERED: the payoff instances." `next-characterised` (the exchange rate trading `q ∤ cap m` for `q is a prime power`) is proved; `next-8 : next 8 ≡ 9` exhausts a 3.5 GB heap and "I do not yet know what forces it; the obvious suspect is the `with`-abstraction on `q ≟ next m`". | **Closed, on the third telling — and the header now says so.** The instances typecheck (`WalkFastInstance`, verified again 2026-08-15 at 3.1 s, `cap m` never run). Read the history before citing either file: this table first said "closed", which was this index believing a header that claimed instances that had never been checked; then said "still open", correctly; and the gap is now genuinely closed — but NOT by the `with` fix `WalkFast` and `WalkFastInstance` both guessed at. Removing the `with` leaves the blow-up exactly where it was. The cost is the conversion checker comparing the goal's `next 8` against a second, independently elaborated occurrence, and `let`-sharing removes it. **`WalkFast`'s header no longer contradicts this row**: it names `WalkFastInstance`, records that its own suspect was innocent, gives the conversion-checker diagnosis, and warns that `next-characterised` is provable but not applicable at a numeral (use `WalkFastInstance.conclude`). |
formal/cubical/NaturalMachine/README.md	68	| `SieveFiber` | "What is still open is the BRIDGE": `rough n` as computed here by `stripF` has not been shown to satisfy `RoughSplit.roughSplitSqrt`'s hypothesis, so §4 remains this file's own X = 30 exhaustion and is not yet a corollary of the general theorem. | **Open.** |
formal/cubical/NaturalMachine/README.md	69	| `CountedDigits` | Cost boundary: the imported development proves semantic equations, not a work measure for `sucw`'s carry recursion. "A costed execution edge remains open until a native carry-cost theorem is installed." | **Open.** This is the corpus's standing open cost edge; `AcceptanceTest`, `CountedComposition` and `CompileBridge` each re-name it. |
formal/cubical/NaturalMachine/README.md	72	| `SequentialNormalizationObstruction` | A retained selected-event history cannot be projected to `BornDistribution₂` at all; "a future repair must retain the complete branch table". | **Closed** by `FullSequentialTableNormalization` (sufficiency only — that file makes no minimality claim), and the header now records it. Verified 2026-08-15: the repair builds the normalizer, gives it the state's own `norm²`/`weight₀`/`weight₁`, and supplies the X-covariance law that was vacuous in the obstruction. This module is **not** superseded — the repair imports it back (`forgetSelected`, `forgotten-false-branches-collide`, `complete-tables-separate`) to locate where the information is lost. What is still open is minimality: "must retain the complete branch table" is an upper bound presented as a necessity. |
formal/cubical/NaturalMachine/README.md	74	| `WalkJumps` | "WHAT REMAINS OPEN, stated plainly": the converse of §(c) is not proved here; §(b) is not formalised here either; no primality decision procedure. | **Two of three closed; the third is genuinely open.** §(c)⇒ by `CoprimeSplitting` (`two-primes→coprime-split`, `leastNonDivisor-isPrimePower`); §(b) by `WalkBridge`; the composition by `WalkPrimePowers`. ~~**The primality decision procedure is still missing**: checked 2026-08-15, there is no `Dec (IsPrime n)` anywhere in `NaturalMachine/`.~~ **Closed 2026-08-18** by `PrimalityDecision.decIsPrime : (n : ℕ) → Dec (IsPrime n)`, built from `CoprimeSplitting.searchDiv` at bound n-1 plus `noDiv→prime` — no new number theory, exactly the "unwritten, not blocked" bounded search `WalkJumps` predicted. `WalkFast.decIsPrimePower` decides prime-**power**-hood, which is what the walk needs, and `CoprimeSplitting.primeDivisor` *produces* a prime with its proof. Header updated 2026-08-15; closure recorded 2026-08-18. |
formal/cubical/NaturalMachine/README.md	75	| `CoprimeSplitting` | "WHAT REMAINS OPEN": the bridge between `IsLCM (range1 n)` and `LeastNonDivisor` — §(b) of the note — "is still not formalised"; no primality decision procedure; `searchDiv`/`primeDivisor` are fuel searches, "proofs, not algorithms". | **First item closed** by `WalkBridge`, with the composition in `WalkPrimePowers`; **the other two are still true** and stay. Header updated 2026-08-15. Worth recording against this file's own expectation: the (⇒) half of "the installs are exactly the prime powers" does **not** use the bridge — it is `leastNonDivisor-isPrimePower` applied to `WalkBridge.next-lnd`. Only the (⇐) half needs §(b), plus one new induction (`WalkPrimePowers.locate`). |
formal/cubical/NaturalMachine/README.md	77	| `DefectCalculus` §4 ledger | "T15.9 is not proved as 'subgroup' … packaging one here would be scope creep." | **Corrected, and this row previously understated the correction.** `StabilizerSubgroup` shows the parameter already *was* the group object (`Cubical.Algebra.SymmetricGroup.SymGroup`), so no packaging was needed — but *something was* missing, namely two h-level hypotheses: `isSet A` (to have the group at all) and `isSet (Str A)` (so `Stab` lands in `hProp`, which `Subgroup` requires; without it `stab-∘` is a *choice* of witness, not closure). The honest entry, which `DefectCalculus`'s header already carries in this form, is that **§4 is stated at a generality at which "subgroup" is not yet well-posed**, and **the group statement at non-set `Str A` remains open**. No header edit was needed. |
formal/cubical/NaturalMachine/DescentCostsTheIntegers.agda	9	-- a No for the join and a Yes for ⊕, and left open whether a ⊕-stepping
formal/cubical/NaturalMachine/CoprimeSplitting.agda	56	-- WHAT REMAINS OPEN -- ORIGINAL WORDING (2026-08-13), WITH THE
formal/cubical/NaturalMachine/KramaAstiNasti_TheFourthCornerAtOneInstanceIsExactlyTheDoubleNegationShift.agda	50	-- IS STILL OPEN.  DNS is not provable in this substrate and NOT
formal/cubical/NaturalMachine/CountedDigits.agda	54	-- edge remains open until a native carry-cost theorem is installed.
formal/cubical/NaturalMachine/RnaDhana_TheParetoMaximumTransfersToCostCoordinates.agda	185	-- Still open, and now precisely: the REMAINDER half (same argument,
formal/cubical/NaturalMachine/AFoolingSetForcesDistinctRectangles.agda	6	-- Closes, as far as it goes, an item I left open one cycle ago:
formal/cubical/NaturalMachine/ExclusionRecoversGroundAtAPrice.agda	510	-- Checking that against the corpus is not done here and is not claimed.
formal/cubical/NaturalMachine/AtlasResiduals.agda	208	--    equivalence would unfold to, and unfolding them is not done.
formal/cubical/NaturalMachine/CurvatureCannotLiveOnTheImageOfAnExactCompression.agda	147	-- of §36–38's "for every order" still open.
formal/cubical/NaturalMachine/CurvatureCannotLiveOnTheImageOfAnExactCompression.agda	155	-- **"THE ONLY PART OF §36–38's 'FOR EVERY ORDER' STILL OPEN" IS NO
formal/cubical/NaturalMachine/CurvatureCannotLiveOnTheImageOfAnExactCompression.agda	162	--    every order' still open."
formal/cubical/NaturalMachine/CurvatureCannotLiveOnTheImageOfAnExactCompression.agda	193	-- NOT done.  So the line covers a system whose elimination steps all
formal/cubical/NaturalMachine/MajorityLiesStrictlyBetweenAllAndSome.agda	6	-- Closes the last item I left open on this line.
formal/cubical/NaturalMachine/TransportPrice.agda	6	-- The live thread `Anekanta` left open: collapse is settled (agreement
formal/cubical/NaturalMachine/SieveRoughBridge.agda	13	--   "What is still open is the BRIDGE: `rough n` as computed here (by
formal/cubical/NaturalMachine/FitnessIsNecessaryUpToDoubleNegation.agda	12	-- THE SCHOOL, NAMED BEFORE ITS TERM, AND THE DISPUTE LEFT OPEN
formal/cubical/NaturalMachine/FitnessIsNecessaryUpToDoubleNegation.agda	152	-- them at the import graph is not done here.
formal/cubical/NaturalMachine/ATextPredicateExistsExactlyWhenTheSemanticPropertyIsDecidable.agda	99	-- 3.  The reading, and what remains open
formal/cubical/NaturalMachine/DefectCalculus.agda	40	--                             refuted, or left open, and a lane claiming
formal/cubical/NaturalMachine/MeruDiagonalIsVirahanka.agda	136	-- the row module too and is not done here.  Named, not estimated.
formal/cubical/NaturalMachine/WalkBridge.agda	345	-- sentence WalkJumps left open.
formal/cubical/NaturalMachine/TheCardinalFormOfTheFoolingBoundNeedsAnInjectionOfFinIntoFinAndDoesNotFollowByInstantiation.agda	190	-- STILL OPEN on this line, and unchanged by §2: any upper bound, and
formal/cubical/NaturalMachine/TheStratificationCoversAndItsStrataArePairwiseDisjoint.agda	64	-- one is the SECOND HALF OF ORDER and is still open; it needs a
formal/cubical/NaturalMachine/TheIstaSectionIsAnImportedConvention.agda	18	--     "Still NOT done, named there: only the iṣṭa least-non-negative
formal/cubical/NaturalMachine/TheIstaSectionIsAnImportedConvention.agda	39	-- STILL NOT DONE, and narrowed rather than closed: the LEAST-NON-NEGATIVE
formal/cubical/NaturalMachine/TheIstaSectionIsAnImportedConvention.agda	51	-- is owed, not claimed", and §5.1 of the map records that it could not
formal/cubical/NaturalMachine/TheIstaSectionIsAnImportedConvention.agda	61	-- that name it as not done.  No section exists in the formal tree.
formal/cubical/NaturalMachine/NRectanglesCannotCoverSucNFoolingCells.agda	6	-- Closes the last piece I left open on this line.
formal/cubical/NaturalMachine/NRectanglesCannotCoverSucNFoolingCells.agda	107	-- said what IT did not do.  What is still not done, and is not a gap in
formal/cubical/NaturalMachine/NRectanglesCannotCoverSucNFoolingCells.agda	163	-- Still not done, as before, and not a gap in the line: any UPPER
formal/cubical/NaturalMachine/TheExchangeLemmaIsTheWholeOfPermTransitivitySoTheConverseContainmentIsNowATheorem.agda	64	-- **"Same multiset" is still open and untouched**: that direction must
formal/cubical/NaturalMachine/TheCardinalityHalfOfOptimalIsExactlyAMereEquivalenceAndItSaysNothingAboutTheSchemeItself.agda	147	-- 4.  What is left open, stated as a type and not as a hope
formal/cubical/NaturalMachine/SamayikaAndNityaAreIndependent.agda	190	-- Still open here, unchanged: the fourth corner in the PLAIN negated
formal/cubical/NaturalMachine/SamayikaAndNityaAreIndependent.agda	199	-- The item left open above — "NOT PROVED and NOT ASSERTED: that the
formal/cubical/NaturalMachine/RnaDhana_TheCostFlipIsFaithfulBelowTheCap.agda	146	-- line above.  The item left open above — "the cap is still a single
formal/cubical/NaturalMachine/WitnessNumberCanBeInfinite.agda	6	-- `WitnessNumberIsUnbounded` left open whether witness number is
formal/cubical/NaturalMachine/ACertifiedRewriteComposesAndOnlyOneComponentNeedsATheorem.agda	182	-- Still not done anywhere on this line: any relation between `obs` and
formal/cubical/NaturalMachine/NegationCompletenessForbidsIndependence.agda	67	-- remains open with its requirement now stated twice over — not
formal/cubical/NaturalMachine/TheTwoSidedProfileCutNeedsTheBurdensAsAProfile.agda	60	-- them with a fold is the next step on this line, not attempted this
formal/cubical/NaturalMachine/TheThresholdOrderIsTotalAndTheClaimIsAntitone.agda	6	-- Closes the item the previous cycle left open in its own words.
formal/cubical/NaturalMachine/DiagonalIsMatra.agda	6	-- The identity the Sankalita thread left open:
formal/cubical/NaturalMachine/TheDelimitorNeedsOnlyStability.agda	205	-- fibres and Bool-valued models and are unaffected; what is owed is a
formal/cubical/NaturalMachine/OneStepCoverageAndDisjointnessOfTheLayer.agda	52	-- half remains open and, as recorded, is NOT cheap.
formal/cubical/NaturalMachine/TheSecondUpadhiConditionDoesAllTheWork.agda	73	--   question and is exactly the one the shelf left open.
formal/cubical/NaturalMachine/AcceptanceTest.agda	68	--    native-work edge left open by `CountedDigits`' cost-boundary note
formal/cubical/NaturalMachine/BezoutIsGCD.agda	36	-- STILL OPEN, and it is now the only gap: that distinct primes are
formal/cubical/NaturalMachine/ATruthFunctionalProvabilityFalsifiesTheDiagonalSentence.agda	24	-- no diagonal, no provability predicate.  The question left open was
formal/cubical/NaturalMachine/TheDomainThatIsAnAbsence.agda	200	-- fibres and Bool-valued models and are unaffected; what is owed is a
formal/cubical/NaturalMachine/WalkResidueBridge.agda	54	--      heap.  What is closed is the gap TransportDiv left open: the
formal/cubical/NaturalMachine/WalkResidueBridge.agda	56	--      charted walk.  Building that walk is not done here.
formal/cubical/NaturalMachine/TheAnuyogitaAvacchedakaIsADistinctSlot.agda	14	-- WHAT PROVOKED THIS, AND THE GREP THAT CONFIRMED IT WAS STILL OPEN
formal/cubical/NaturalMachine/TheAnuyogitaAvacchedakaIsADistinctSlot.agda	31	-- The second part was still open, and I checked rather than assumed:
formal/cubical/NaturalMachine/TheAnuyogitaAvacchedakaIsADistinctSlot.agda	59	-- Verse-level sourcing is OWED AND NOT CLAIMED.  The concrete example in
formal/cubical/NaturalMachine/AFoolingPairForcesTwoRectangles.agda	35	-- not done here.
formal/cubical/NaturalMachine/AFoolingPairForcesTwoRectangles.agda	123	-- not done here."
formal/cubical/NaturalMachine/WhyTheSitesAreTwo.agda	225	-- Still open there, and unestimated: whether `Locates` is minimal, and
formal/cubical/NaturalMachine/Factorisation.agda	42	-- `⌊log_p k⌋` — bookkeeping, not a new idea, and not done here.  The
formal/cubical/NaturalMachine/SieveFiber.agda	387	-- That module imports nothing from this one.  What is still open is the
formal/cubical/NaturalMachine/WalkInduction.agda	62	--     are exactly the ordered prime powers — is NOT attempted.  It
formal/cubical/NaturalMachine/EffectiveDescent.agda	146	--    non-set `C` at which §4 fails would need `π₁(S¹)` and is not done.
formal/cubical/NaturalMachine/WalkFast.agda	111	-- > That gap is left open and named rather than papered over.  The
formal/cubical/NaturalMachine/FlippingACostCoordinateIsSoundButNotFaithful.agda	60	-- transporting those along the flip is a further step, not done.
formal/cubical/NaturalMachine/FlippingACostCoordinateIsSoundButNotFaithful.agda	153	-- line above.  The item left open above — "no RESTRICTED converse is
formal/cubical/NaturalMachine/KramaSaha_TheFourthCornerIWasNamingIsTheSequentialPosition.agda	49	-- **THE RENAME IS NOT DONE IN THIS CYCLE**, by the standing rule that
formal/cubical/NaturalMachine/KramaSaha_TheFourthCornerIWasNamingIsTheSequentialPosition.agda	65	-- and is NOT attempted here.
formal/cubical/NaturalMachine/TheRateQuotientExistsAndMinimalityCannotLiveOnIt.agda	57	-- the two sentences quoted at the top is still open, and only the first
formal/cubical/Avacchedaka_TheTruncationsFibreIsTheWholeSourceAndTheSeamHasItsCriterion.agda	10	-- WHAT THIS CLOSES, AND WHY IT WAS LEFT OPEN ON PURPOSE.
formal/cubical/Avacchedaka_TheTruncationsFibreIsTheWholeSourceAndTheSeamHasItsCriterion.agda	55	-- ALSO NOT DONE, and deliberately: this does NOT add the fourth
formal/cubical/AyamaArpana_TheSphereWithholdsOneStratumDeeperPerDimension.agda	20	-- truncation shifts, π'↔π conversion) is real work not done here; the
formal/cubical/Apratikaryatva_TheRetractionTypeIsTheHLevelHypothesis.agda	505	--     the transport of §3 across those equivalences is NOT done here.
formal/cubical/Nasta_TheOneHoleContextAndTheColumnAreRecoveredFromTheirData.agda	26	-- and `PingalaPrastara.agda`, and is owed at verse level.  Nor is the
formal/cubical/Agamya_TheLossOrderReadsTheUnreachedAndTheConservingFlowsCannotSoVyaptisFenceIsATerm.agda	50	-- refutable) is not settled here and is the honest next stone: for
formal/cubical/Agamya_TheLossOrderReadsTheUnreachedAndTheConservingFlowsCannotSoVyaptisFenceIsATerm.agda	53	-- than an empty domain.  Left open, named rather than gestured at.
formal/cubical/Agamya_TheLossOrderReadsTheUnreachedAndTheConservingFlowsCannotSoVyaptisFenceIsATerm.agda	141	-- ४ · THE FENCE, AS A TERM.  Vyapti's "no weakened converse" holds
formal/cubical/Niyama_TheDoubledSoundCouldHaveBeenAnyOfThreeAndTheFullClassesRestrictItToHaAlone.agda	68	--     it pointwise soundness of eqV on the triple), which is owed.  The
formal/cubical/Krama_NoRecitationOrderSeatsTheCycleSoRepetitionLiftsAnObstructionAndNotACost.agda	79	--     restriction, and that is owed as the successor to this one.
formal/cubical/Krama_NoRecitationOrderSeatsTheCycleSoRepetitionLiftsAnObstructionAndNotACost.agda	83	--   * μ_k for 0 < k < ∞, still open, still where Pāṇini's line sits.
formal/cubical/Asanna_TheNearIsNotTheEqualAndTheBarrierDiesInTheGap.agda	82	-- — is untouched and remains open.  This module does not prove the
formal/cubical/SeamClosed.agda	43	-- cite these lemmas, and that is not done here.  This file shows the gap is
formal/cubical/Vargaprakrtitantu_ThePellFibreIsInfiniteAndBrahmaguptasCompositionIsTheWitness.agda	62	-- second-hand and are owed at verse level.
formal/cubical/GunakaKsepa_TheWheelsStateIsBoundedAndSelfPropagating.agda	32	-- still missing, with the failing shape named rather than gestured at.
formal/cubical/GunakaKsepa_TheWheelsStateIsBoundedAndSelfPropagating.agda	75	--   * TERMINATION IS STILL OPEN and this file does not narrow it.  What is
formal/cubical/Purvatrasiddham_TheLaterRulesFibreIsExactlyWhatTheEarlierRuleCannotSeeAndTheBlindnessIsForcedByCollapse.agda	90	-- citation is owed.
formal/cubical/Khahara_TheZeroDivisorEdgeIsPricedAtItsWholeDomainAndTotalLossIsExactlyTotalSymmetry.agda	267	-- (b) NOT DONE.  The scale between the two ends is not a scale yet.
formal/cubical/StaraArpana_TheChargeTheSetLevelKillsIsUtteredWholeOneLevelUp.agda	27	-- checked pair, closing a question the corpus's doctrine left open).
formal/cubical/Bhedanirnaya_TwoTestersForSamenessOnNumberAndTheTransportThatMovesTheoremsBetweenThem.agda	163	-- WHAT IS NOT DONE HERE, stated because leaving it unsaid would be the
formal/cubical/Apavartana_TheCarriedPairLosesTheLesserFromTheGreaterAndTheCommonMeasureStands.agda	20	-- this module, and it is owed at verse level.  Not "the extended Euclidean
formal/cubical/CakravalaDescent.agda	283	-- "mechanical and is not done here".  Mechanical is not a synonym for
formal/cubical/CakravalaDescent.agda	284	-- done, and "not done here" is how the two dangling references at the top
formal/cubical/Punarukti_TwoOfTheThreeSevenfoldsAreOneTypeAndTheThirdIsADifferentQuestion.agda	12	-- LIMIT: the sūtra-level reference for पुनरुक्त itself is owed; the
formal/cubical/Avarta_TheGeneratorsOrderAnnihilatesEveryPowerSoEulersHypothesisIsDischargedOnACyclicGroup.agda	71	-- from this repository's own MulaVakya ledger, second-hand, owed at verse
formal/cubical/Sunyabhara_TheInstructionSetIsTheZeroChargePoleAndTheDiscreteLogSitsOffItByItsOrder.agda	56	--     groups is owed, and §२ below is C₃ and only C₃.
formal/cubical/Sunyabhara_TheInstructionSetIsTheZeroChargePoleAndTheDiscreteLogSitsOffItByItsOrder.agda	184	-- NOT settled here: that the flow space is EXACTLY the ℤ/3 of
formal/cubical/Sunyabhara_TheInstructionSetIsTheZeroChargePoleAndTheDiscreteLogSitsOffItByItsOrder.agda	192	-- NOT settled here: anything about C₃'s successors.  §२'s `refl` is a
formal/cubical/Avaccheda_TheCutsBoundaryIsTheBaseAndMemoryIsTheFibreFailingToBeContractible.agda	185	-- in prose.  The honest next piece is a finite instance where the fibre
formal/cubical/SetuApurva_TheSensoriumCriterionIsTheQuotientFiberLawAndHereIsTheAdapter.agda	113	-- * The reverse derivation is not attempted and §head says why it would not
formal/cubical/Lagakriya_TheConditionalFibreIsWhatTheSecondCountStillCostsOnceTheFirstIsKnown.agda	288	-- ८ · शेषः — what is not settled here.
formal/cubical/PratyaharaLaghava_TheMarkerCountIsForcedByTheAntichain.agda	16	-- Petersen 2004 — is not proved and is owed.  This file pays part of that
formal/cubical/Punaragamanam_TheStepIsAConjugationAndNothingIsTouchedByIt.agda	31	-- is carried from the neighbouring module and is owed at verse level.
formal/cubical/Avrtti_TheFibreOfACountingMapSatisfiesARecurrenceAndThatRecurrenceIsSankhya.agda	55	-- is not done here.  §५ names that as the next rung and does not gesture
formal/cubical/Avrtti_TheFibreOfACountingMapSatisfiesARecurrenceAndThatRecurrenceIsSankhya.agda	170	-- ५ · शेषः — the next rung, named rather than gestured at.
formal/cubical/Tantusandhi_TheFourWrittenFibresWereAlreadyTheQueuesOwnMapsAndTwoEdgesTheCensusNeverSaw.agda	51	-- not established here and is left open rather than guessed; a verdict
formal/cubical/Chandomudra_ThePratyayasFibresWereWrittenInProseAndTheCensusCalledThemUndecided.agda	135	-- Still open in this file's own neighbourhood: `guruOf` and
formal/cubical/Bharavrtti_TheWeightedCountingMapsFibreDecomposesByHeadWeightAndTheNilCaseIsASeparateSummand.agda	38	-- लघु↦1, गुरु↦2, which is not done here.  No counting, no bijection with
formal/cubical/VivekaPramana_TheUpadhiIsCarriedAsAFieldSoTheEquivalenceIsReal.agda	34	-- `NamingIsNotAFunctionOfResemblance.agda`, owed at section level.  Not
formal/cubical/Bhara_TheWeightedCountingMapsFibreDecomposesOverEverySummandThatFits.agda	59	-- not done here.
formal/cubical/CakravalaBound.agda	88	--   * TERMINATION IS STILL OPEN.  A bound on |k| is not termination.  What
formal/cubical/CakravalaBound.agda	108	--     is a further piece of work and is not done.
formal/cubical/CakravalaBound.agda	624	-- Note what is NOT done: `CakravalaDescent.cakravalaStep` is stated over
formal/cubical/BahuShakha_TheDependentRefinementSumsBranchwiseAndTheBooksBalance.agda	46	-- and is owed separately; without it, "the" total means the total in
formal/cubical/SapeksaNirapeksa_TheLossLevelIsNotAPropertyOfTheMapAloneAndTheFibreCriterionFailsOnItsOwnArchetype.agda	23	-- and are owed at verse level.
formal/cubical/Salaka_TheOrdersAreSeparatedByHowManyCutsTheyOutlastAndEachCutStripsExactlyOneStorey.agda	14	-- which need the primary text verse by verse and are OWED, not claimed."
formal/cubical/Salaka_TheOrdersAreSeparatedByHowManyCutsTheyOutlastAndEachCutStripsExactlyOneStorey.agda	54	-- index arithmetic.  A verse-level reference is OWED and I give NONE
formal/cubical/Sankramana_TheFibreIsOneOrbitExactlyWhenTheChargeIsInjectiveAndOneSidedReachabilityIsStrictlyStronger.agda	332	-- question and it is still open.
formal/cubical/Dhruva_TheSymmetryLivesInTheFibreAndWithoutALossThereIsNoSymmetry.agda	161	-- Both are named rather than gestured at.
formal/cubical/VargaPrakrti_TraceBhavanaOverN.agda	97	-- WHAT IS NOT DONE HERE, and why.  The repair is mechanical — the import
formal/cubical/VargaPrakrti_TraceBhavanaOverN.agda	98	-- line and one token per theorem — and it is NOT done in this commit,
formal/cubical/Kosthanyaya_TheDurnayaIsThePigeonholeAndTheLossIsTheSeparateHypothesis.agda	57	-- NOT DONE: the bridge `Adharmin_…` asks for is only half built here.
formal/cubical/Uddista_TheReceiptBecomesAnAddressExactlyWhenTheFibreRankIsCarriedAndItsPriceIsVirahankasNumber.agda	87	-- (row `Nasta|Uddista`, छन्दःशास्त्रम् ८.२४–२५), and is owed at verse
formal/cubical/SamanaKaksya_TheOrbitRelationIsAlreadyAnEquivalenceWithoutAnInverseAndTheChargeDescendsToTheQuotient.agda	17	--      and transitive and not symmetric.  So the honest next rung is
formal/cubical/SamanaKaksya_TheOrbitRelationIsAlreadyAnEquivalenceWithoutAnInverseAndTheChargeDescendsToTheQuotient.agda	271	-- still open is the second half of the sentence above — the
formal/cubical/Asiddhatva.agda	79	-- citation is owed.
formal/cubical/Kuttaka.agda	51	-- NOT done (named honestly, per §5.2): the iṣṭa section — the reduction of
formal/cubical/Bijamula_TheRSAPrivateKeyIsThePulverizersWitnessAndDecryptionIsPingalasExponentiation.agda	75	--     theorem is the honest object and the instance is owed to a mod that
formal/cubical/Bhagahara_TheExactDivisionCarriesItsWitnessAndSixTurnsReachOneAtSixtyOne.agda	18	--      divisibility witness carried alongside and is not done here."
formal/cubical/Bhagahara_TheExactDivisionCarriesItsWitnessAndSixTurnsReachOneAtSixtyOne.agda	110	--   CITATIONS ARE SECOND-HAND AND ARE OWED AT VERSE LEVEL.  The author of
formal/cubical/Bhagahara_TheExactDivisionCarriesItsWitnessAndSixTurnsReachOneAtSixtyOne.agda	372	-- obligation; once they are in hand nothing else is owed, no side
formal/cubical/KsetraSamasa_TheTwoChartSurvivorCensusIsTheProductPMinusTwoTimesQMinusTwo.agda	8	-- द्वि-लोप and स्फटिक left open.
formal/cubical/SamaghataSankalita_TheDescentIsExactForEverySequenceAndAryabhatasRulesAreItsFirstInstances.agda	31	-- is owed at verse level.  What IS claimed is narrower and is §२: that
formal/cubical/Lopa_TheSumsFibreIsExactlyNPlusOneAndNoLeftInverseExists.agda	214	-- The honest next piece is the same move at a target that is NOT ℕ: a
formal/cubical/Parampara_TheChainOfThreeIsPricedAndTheLossesDoNotAddBecauseAnAbsenceSitsInTheMiddleFibre.agda	624	-- (d) Not attempted: any claim that the arithmetic 4 − 3 = 1 is the
formal/cubical/Svasthani_TheHypothesisThatClosesSthanivadbhavaFailsAtTheFirstSubstitutionAndReturnsAtTheSecond.agda	55	-- imported here and is owed at sūtra level.
formal/cubical/Sthanivadbhava_TheSubstituteInheritsDesignationsNotForm.agda	129	-- I did not reach, this is a re-derivation and the citation is owed.
formal/cubical/EGBReversalInvariant.agda	141	-- Successor seed (not attempted here): the same trichotomy —
formal/cubical/Ankapasa_TheMetreNamesAFiniteSetAndTheLoopsOfThatSetAreTheFactorial.agda	10	-- verse-level reference is owed; what is carried here is the section by
formal/cubical/BhavanaGenerative.agda	41	-- growth in an ordered ring and it is left open here rather than waved at.
formal/cubical/Yamaja_TheThirdTesterWasFoundByCensusAndTheChannelPaysReflexivityAndCompleteness.agda	53	-- WHAT IS NOT DONE, said so silence is not read as denial.
formal/cubical/SvaTantuVasa_TheConservingFlowsOfAnyObservableAreTheSectionsOfItsOwnFibres.agda	215	--     composite structure, and it is not given here.  Named, not done.
formal/cubical/SvaTantuVasa_TheConservingFlowsOfAnyObservableAreTheSectionsOfItsOwnFibres.agda	219	--     genuine order.  Also not done: it needs fibre-wise embeddings to
formal/cubical/Anapeksa_BlindnessToACoordinateIsAFactorisationSoEveryStepInItConservesForFree.agda	63	-- is second-hand, and is owed at verse level.  Nothing here is about π,
formal/cubical/Pata_CarryingIsUnconditionalButAddressingNeedsTheMapToBeAnIdentification.agda	54	-- punaragamana module named above, and is owed at verse level.  What is
formal/cubical/Alopa_TheFirstRoadIsStatedThriceAndTheThreeAreOneTerm.agda	142	-- WHAT REMAINS OPEN.  §६ says there are exactly two roads and no third.  The
formal/cubical/Alopa_TheFirstRoadIsStatedThriceAndTheThreeAreOneTerm.agda	150	-- not settled here, and neither module cites the other.
formal/cubical/Vyavaya_TheAttestedTrioForcesATwiceRecitedSoundAndPaninisChoiceIsHa.agda	87	--     still open or owed, as recorded in `PratyaharaLaghava` and `Krama`.
formal/cubical/EkaVakyata_CausalInvarianceIsNotNeededAndABranchBlindCongruenceGivesTheObserverATimeAndALaw.agda	105	-- computes them for a deterministic rule and the multiway case is not done.
formal/cubical/Anveshana_TheMiddleGradeIsWhereAnAlgorithmHasContentBecauseUniquenessIsFreeAndExistenceIsTheWork.agda	82	-- above, is second-hand, and is owed at verse level.
formal/cubical/Prastuti_ThreeIndependentPresentationsGenerateSevenCombinationsAndBarrierListsThree.agda	79	-- Second-hand throughout, owed at verse level.  NOT CLAIMED: that any
formal/cubical/Bhedaka_TheHypothesisIsInjectivityNotBijectivityAndTheSurjectivityInDhruvaIsUnused.agda	218	-- ५ · शेषः — what this leaves open, named rather than gestured at.
formal/cubical/Utthapana_APolynomialVanishingAtMorePointsThanItsLengthIsTheZeroFunction.agda	35	-- ~~The two-sided form is owed with a checked subtraction lemma.~~
formal/cubical/JivaSantana_IdentityThroughChangeIsASectionThroughAChangingFamilyNotEqualityOfSnapshots.agda	45	-- actual span maps and is not done here — this supplies the type a
formal/cubical/JivaSantana_IdentityThroughChangeIsASectionThroughAChangingFamilyNotEqualityOfSnapshots.agda	96	  unresolved  : Fate   -- its transport is owed, not yet known
formal/cubical/Vyapti_TheLossOrderIsCoarseningAndTheSymmetryMonoidGrowsMonotonicallyAlongIt.agda	81	-- implies `f व्याप्नोति g` is FALSE in general and no weakened converse is
formal/cubical/Vyapti_TheLossOrderIsCoarseningAndTheSymmetryMonoidGrowsMonotonicallyAlongIt.agda	84	-- is not attempted.
formal/cubical/Vyapti_TheLossOrderIsCoarseningAndTheSymmetryMonoidGrowsMonotonicallyAlongIt.agda	97	-- telescope; it is not done here because renaming another identity's
formal/cubical/Vyapti_TheLossOrderIsCoarseningAndTheSymmetryMonoidGrowsMonotonicallyAlongIt.agda	313	--    in a stronger sense.  Not done here.
formal/cubical/Swarm/S10VertexOrbit.agda	44	-- Nothing here is postulated and nothing is left open.
formal/cubical/Gunasthana_TheFourteenRungAscentIsAChainKevalaBeginsAtThirteenAndMoksaLiesBeyondFourteen.agda	34	-- (suppression falls back, destruction does not) is named, not encoded.
formal/cubical/Kaksya_TheChargeIsConstantAlongTheWholeOrbitAndNotOnlyAcrossOneStep.agda	115	-- So the honest next rung is either (a) require `Φ` to be an equivalence
formal/cubical/AdhikaraBhanga_TheActionTypeDoesNotDescendAndTheBlindnessHasADepth.agda	55	-- truncated-family analysis is owed above this stone.
formal/cubical/JainSankhya.agda	28	-- which need the primary text verse by verse and are OWED, not claimed.
formal/cubical/AnantaraArpana_TheStratumAboveSilenceCarriesTheWholeChargeForEverySphere.agda	37	-- closing the question the corpus's own doctrine left open.  The
formal/cubical/Arpitanarpita_TheForgetfulMapIsAHomomorphismForBothArpanasAndTheLabelsAreARetractNotAnEquivalence.agda	120	--     expressed — is STILL NOT settled here, and this file does not
formal/cubical/Arpitanarpita_TheForgetfulMapIsAHomomorphismForBothArpanasAndTheLabelsAreARetractNotAnEquivalence.agda	453	-- one.  What is owed is the second path, and §७–§९ are it.
formal/cubical/SaptabhangiSamyoga_TheCompositionOfVerdicts.agda	457	-- collapse to make -- what is owed is whether the forgetful map from records
formal/cubical/SaptabhangiSamyoga_TheCompositionOfVerdicts.agda	465	-- §१० ended: "what is owed is whether the forgetful map from records to
formal/cubical/SaptabhangiSamyoga_TheCompositionOfVerdicts.agda	500	-- What remains open is what §१० said was open in the tradition: whether
formal/cubical/Kendra_CenteringUnifiesGoldbachAndTwinsIntoOneSymmetricTwoWallField.agda	95	-- symmetry is exact) and are owed as separate terms in an ℝ-carrying
formal/pairfield/Pairfield/SarvatraApavartana_WhichPrimesSeeAnIntegerCutIsDecidedForEveryPrimeAtOnceAsThePrimesDividingTheDeterminant.lean	37	**What is NOT claimed / not done here, and a false identity avoided.** This is
formal/pairfield/Pairfield/NativeCompleteWitnessCost.lean	5	Aggregate the implementation costs left open by the native complete witness
formal/pairfield/Pairfield/YugmaPurana_TheEvenPaddingIsForcedAndTheDeterminantSaysWhy.lean	43	and its §5 states the transfer to this lane as **owed, not done** — grade
formal/pairfield/Pairfield/CarryCohomologyAdapter.lean	7	cohomology carrier deliberately left open by the Cubical proof.  It does not
punaragamana/src/Punaragamana/Bhavana_TheKsepaIsDeterminedByTheRootsAndCompositionMultipliesIt.agda	28	-- author of this file — the citations are second-hand and are owed at
punaragamana/src/Punaragamana/Bhavana_TheKsepaIsDeterminedByTheRootsAndCompositionMultipliesIt.agda	78	-- needs a divisibility witness carried alongside and is not done here.
punaragamana/src/Punaragamana/VargaPrakrtiVarga_TheNormOneSolutionsAreAMonoidUnderBhavanaSoTheFundamentalUnitGeneratesTheLadder.agda	148	--     --   into one row via भावना, not merely reordered).  Left open.
punaragamana/src/Punaragamana/Adharmin_TheUnposedQuestionIsNotAnEmptyFibreAndTheCensusCannotSayIt.agda	61	-- WHAT IS NOT DONE.  `Saptabhangi.दुर्नयः` is NOT imported and NOT
punaragamana/src/Punaragamana/Adharmin_TheUnposedQuestionIsNotAnEmptyFibreAndTheCensusCannotSayIt.agda	73	-- this file can exhibit; the fifth is written down and left open.
punaragamana/src/Punaragamana/KuttakaValli_TheSideIsAFreeSlotAndThatIsWhatMakesTheStepDecisionFree.agda	19	-- owed at verse level.  What IS claimed is only this: side, magnitude
punaragamana/src/Punaragamana/KuttakaValli_TheSideIsAFreeSlotAndThatIsWhatMakesTheStepDecisionFree.agda	61	-- getting it without a decision procedure is not done here.  The वल्ली
punaragamana/src/Punaragamana/Sthanivadbhava_TheAdesasFormIsTheFreeSlotAndItsDesignationsAreCarried.agda	31	-- in the parent repository and the citation is owed at sūtra level.
punaragamana/src/Punaragamana/SakalaVikalaDesa_TheFibreCensusIsATermAndItRefutesTheSequentialDiagnostic.agda	17	-- `notes/ANEKANTA_THE_MACHINE_HAS_THREE_STANDPOINTS.md`, and are owed at
punaragamana/src/Punaragamana/SakalaVikalaDesa_TheFibreCensusIsATermAndItRefutesTheSequentialDiagnostic.agda	55	-- WHAT IS NOT DONE HERE, said so it is not mistaken for done.  The note's
punaragamana/src/Punaragamana/Sesa_TheResidualIsTheOtherProjectionOfTheSameGraph.agda	16	-- and is owed at verse level.  The term names the OBJECT — what a step
machine/Nalanda.hs	325	-- "TERMINATION IS STILL OPEN.  A bound on |k| is not termination."  Until
machine/BhavanaSeparationRun.hs	89	  putStrLn "  WHAT IS PROVED AND WHAT IS OWED, kept apart on purpose."
machine/Laghava_TheSameSutrasOnTheCarrierTheyActuallyRunOn.hs	142	-- one, as `offersA` already does for section A.  It is NOT done here for
machine/Laghava_TheSameSutrasOnTheCarrierTheyActuallyRunOn.hs	152	-- WHAT WAS NOT DONE, and what it would take.
machine/Astadhyayi.hs	2335	-- discharged.  Re-running a parent whose debt is still open re-emits the
machine/Astadhyayi.hs	3237	      , chk "distinct Refs: 1.4.2 decides, and nothing is owed"
machine/Saptabhangi_TheSevenfoldVerdict.hs	92	-- not exist), and what is owed instead is the comparison: whether the
machine/NalandaEmit.hs	41	-- certificate was "a real piece of work and is not done here", because
machine/Pariksa_TheExaminationWireTheDerivationCorpusAndTheScoreThatPrefersRefusalToLuck.hs	42	--   its error term, so it stands in for an analysis you have not done."
machine/MulaPramana_ACitationNamesAFixedObjectOrItIsNotOne.hs	117	--   left open, in the open form, as D1 of the standpoint store.
machine/Pramana.hs	69	-- THAT IS NOT DONE AND MUST NOT BE.  A memory file is editable text; if it
machine/NalandaCertify.hs	22	-- every D — that is Lagrange's theorem and remains open here.  It says: for
machine/Abhava_TheAbsenceCarriesItsPratiyoginAndItsSearchedDomain.hs	301	-- Which gate is right is not settled here.  The Naiyāyika would say the
machine/GATE_AUDIT_DISPOSITION.md	187	## 7. What is still open
machine/TraceLibrary.hs	45	-- WHAT IS NOT DONE HERE, said plainly.  This is not wired into
machine/AnyatKarana_TheToolSchemaIsGeneratedFromTheRunningTable.hs	462	  , "    \8594 not done here: machine/Sabha_TheSessionKernelAnLLMTalksTo.hs is the"
machine/AnekantaDrshti_SeveralMaximalFramesCanBeIncomparableSoThereIsNoBestObserver.hs	192	-- ------------------------------------------------- the frame it is owed
machine/Nirdharana_WhichRecordFieldsRideFreeAndWhichMustSurvive.hs	139	--     other record is reported as NOT ATTEMPTED, never as "determined".
machine/Nirdharana_WhichRecordFieldsRideFreeAndWhichMustSurvive.hs	966	    putStrLn $ "  ... NOT ATTEMPTED (unknown field type, nested,"
machine/Nirdharana_WhichRecordFieldsRideFreeAndWhichMustSurvive.hs	968	    putStrLn "  NOT ATTEMPTED is not a verdict of any kind."
machine/Samuccaya_TheAggregateRootIsGeneratedFromTheTreeSoNothingCanBeOmitted.hs	264	      -- NOT done here: the generated root is not added to `tRoots`.  If it
machine/AnulomaPratiloma_TheRoundTripIsAskedOfEveryCandidateInversePair.hs	1956	--     still open              3   SieveScaleTower ×2, PingalaPrastara
machine/AnulomaPratiloma_TheRoundTripIsAskedOfEveryCandidateInversePair.hs	2083	-- write.  The honest next move there is to look the lemmas up, not to
machine/Pramanya.hs	45	-- schools would argue about, and it is left open.
machine/PaksaKrama_TheEightThousandFreeAcceptancesAreASetAndThisIsTheirOrder.hs	138	-- normalisations done naively.  It is not done naively, and the saving is
machine/Anrta_TheClaimedLossThatIsNotLostAndTheWitnessOfItsFalsity.hs	42	-- travel` -- whose falsity needs the world.  That remains open and is written
machine/PaksaLaksana_WhatIsWorthHandingTheKernelIsWhereTheTwoRewritersDisagree.hs	182	-- It is not done here for two reasons, both of which are about honesty of
notes/TESTABLE_PRIMES.md	100	   \cdot p$ … which I have not worked out. That is the honest next step and it is
notes/BARRIER_ERROR_WINDOW.md	505	| V5 | Sharpness for $k\ge4$ | Conditional on $(\star)$: $\mathcal Z_{k-1}\not\equiv0$. Unconditional for $k\le3$ (U3(ii),(iii)); $k=2$ is where every measured statement in this corpus lives. A general proof of $(\star)$ would follow from linear independence of the ordinates over $\mathbb Q$ but is not attempted, and $(\star)$ is not needed for the *upper* bounds, hence not for B1″. |
notes/HYPOTHESIS_U_AS_A_BILINEAR_FORM.md	605	- This note **discharges no analytic obligation**. H3 remains open; what
notes/INTERVAL_DISCREPANCY_MEAN_SQUARE.md	87	qualitative observation.** Two corrections are owed to that sentence, and they
notes/INTERVAL_DISCREPANCY_MEAN_SQUARE.md	297	They disagree about whether a replacement is owed, and the disagreement is not
notes/D0020_CLASSICAL_SOURCES.md	108	note carries it; `no` = not done, and no letter-for-letter content is asserted below.
notes/CHAIN_PAYLOAD_CLOSURE.md	6	The morphism choice left open by `PAYLOAD_MORPHISM_BOUNDARY` is forced in a
notes/MONOID_INVARIANTS.md	90	   works, the honest next question is which *features* of the generating set
notes/MONOID_INVARIANTS.md	93	2. **The lift, still open.** `HITTING_DECIDABLE` seed 3, now five turns
notes/ELSEWHERE_CONDITION_IS_INCOMPLETE.md	251	  kinds of import is the obvious next theorem and is not attempted here.
notes/PRODUCT.md	296	| still open | same-sign 4-point separation | full product separation, including mixed-sign differences |
notes/Ksepa_TheStateIsExactAndTheEquationIsWhatMoves.md	250	-- module headers record as not done, and it is the one that matters.
notes/SEED15_NORMATIVE_ORDERING.md	276	that note's own audit and is not settled here.
notes/F25_F23_WITHOUT_PYTHON.md	186	- **Unchanged and still open:** F25's yield (3) — the localization of where
notes/HISTORY_DIGEST.md	261	standing in for an error analysis you have not done. `METHOD.md` then triages
notes/HISTORY_DIGEST.md	749	- **Not attempted:** verification of any mathematical claim in the corpus. I
notes/POSITIVITY_HAS_A_PLACE.md	7	This note answers a question I asked and then left open, which was the wrong
notes/SEED41_CONSTRUCTIVE_CALIBRATION.md	520	## 6. What is left open
notes/WITNESS_FOREST_WITHDRAWAL.md	122	graphs produced by arithmetic actions remains open.
notes/Vipratipatti_TheDisputeOverValidKnowingIsCountedInFourPlacesAndOneOfThemTurnsOnWhereAParticleStands.md	1182	**Index placement is OWED.** `BOOK_INDEX.md` and `machine/Anukramani.hs` are
notes/COHERENCE_AND_FLOW_SLOTS.md	468	  ambient tuple they move; seed 162's §9.4 already carries that `SEARCH` item and it remains open.
notes/AFFINE_EMERGENCE.md	91	3. **The lift, still open.** `HITTING_DECIDABLE` seed 3 is untouched: the model
notes/ATLAS_OF_N.md	1029	of the explicit carry cocycle remains OPEN.*** Checked in
notes/ATLAS_OF_N.md	1073	a cyclic group constructively, and identifying it with $A/mA$, remains open.
notes/D0020_LEDGER.md	420	| J5 | §2's constraint-algebra anomaly is correctly stated, is a genuine open problem in physics, and is correctly attributed as an anomaly rather than a defect the framework repairs | **CLASSICAL** | endorsed (row 2.7). *Earliest source named:* Dirac 1958; the closure problem as an anomaly, DeWitt 1967. **Not read**; §16. J5's restraint — "no adjudication is owed beyond noting" — is the correct disposition and is the only triage entry that declines to claim anything |
notes/BOUNDARY_OPERATOR_TYPING.md	383	here and is not done by P1. P1 buys well-formedness. It does not buy content, and it does not
notes/PRODUCT_CARRIER.md	258	**What remains open (unchanged).** A quantitative upper-bound *rate* $V=D_0+O(1/L)$ needs the
notes/BINARY_DEPTH_TWO_RAYS.md	83	formation source remains open.
notes/COMPRESSION_DEFECT_REGULAR_WITNESS.md	93	witness direction remains open, as do endomorphism, half-line, charge,
notes/THE_WALK_IS_OPTIMAL_AND_HERE_IS_WHY.md	102	  a `CRTChain.Coprimes` is a different induction and is not done.
notes/RANK_ONE_SMITH_PRODUCER.md	86	What remains open is rank two: `produce` requires `det A = 0`, and the
notes/OBSTRUCTION_COEND_REPAIR.md	306	is not attempted (§6.4).
notes/OBSTRUCTION_COEND_REPAIR.md	713	   the full classification is still open.
notes/OPEN_PROBLEMS_WE_TOUCH.md	350	   **Status: PROPOSED. Not a theorem, not attempted.**
notes/OPEN_PROBLEMS_WE_TOUCH.md	369	   "proposed" and "not attempted" attached.**
notes/HITTING_DECIDABLE.md	113	   monomial; the general monomial `y -> y^k` should be easy and I have not done
notes/CONFINEMENT_INDEX_IS_UNIFORM.md	374	   Goursat-type datum, and I have not attempted it.
notes/CONFINEMENT_INDEX_IS_UNIFORM.md	376	   itself) is untouched by this note and remains open.
notes/VIEW_GLUING_TWO_FAILURES.md	103	  the living test. Left open: the three-failure common frame.
notes/SEED70_EXCURSION_SHIFT_IS_SOFIC_AND_THE_DEFECT_IS_A_RETURN_SERIES.md	30	invariants of the recoded system answer questions the note left open and correct
notes/AGENT_COGNITIVE_MODE_IS_AN_ENVIRONMENT_INTEGRAL.md	4	it and five stated predictions, four of them still open.** This is the
notes/RESPONSE_CHARACTER_KICKBACK_BOUNDARY.md	5	The response-to-phase adapter left open by
notes/NastaVitanda_TheLostResidueIsRecoveredInKTimesPMinusOneQuestionsAndTheRefuterForcesEveryOne.md	301	`ℤ/p^kℤ` explicitly and derives the digit reading is the honest next piece, and
notes/D0020_PARTIALS_UNDEFINED_AND_TWO_DISAGREEMENTS.md	135	| **0.10** | the **domain and type of $\Pi$**. The archive uses $\Pi$ for at least three unrelated things: the boxed operator here, a quantum observable in §2, and $\Pi_{\text{प्रमेय}}$ the theorem-tuple in §9 (l. 438). The display is functoriality if $\Pi$ ranges over functors and false if over arbitrary maps | **§0**, same box. And a **global notation table** is owed: the overload is across §0/§2/§9 and cannot be repaired inside any one of them |
notes/LAGRANGIAN_AMALGAM_KERNEL_AND_FREENESS.md	349	| 10 | The three-fold (one row, three columns) colimit and its kernel | **OPEN** — not attempted |
notes/Patiganita_TheLilavatiIsBoardWorkAndEverySumInItComesOutAndTheQuadrilateralIsRefusedAnArea.md	955	- **This chapter's place in `BOOK_INDEX.md` is OWED.** The index is dirty from
notes/SEED44_MUQABALA_OPERATOR.md	311	  `ε ≈ 1e-6`", says exactly that. What is owed there is the lower end of the
notes/AGDA_COVERAGE_INVENTORY.md	165	*(2026-08-16: still a good idea; not done in this pass either.)*
notes/FOREST.md	121	- all-pattern length five remains open.
notes/CENTER_RELATIVE_CONE.md	128	  parity is exceptional are **not** formalised. Delta 16 target 5 remains open.
notes/LIOUVILLE.md	95	two-point Chowla remains open. (The negativity is the archimedean face of
notes/ENCOUNTERED_WORLDS.md	189	3. **Hessian, still open.** My question from 0148 is untouched: when
notes/EXCURSION_RETURN_IS_THE_MACHINES_DEFECT.md	94	**Not done, and these are Delta 18's own three targets:**
notes/FULL_READ_DRAW_9.md	893	  reason a hypothesis is owed, not the hypothesis.
notes/TANGENT_WITNESS.md	179	2. **Non-product worlds, still open.** My standing question from 0147 is
notes/CENSUS_CUBICAL_THEOREMS.md	127	| `NaturalMachine/TheIstaSectionIsAnImportedConvention` | The ista reduction as an imported section: a parameter costing nothing (the reduced solution still solves), with least-non-negativity honestly still open |
notes/CENSUS_CUBICAL_THEOREMS.md	851	| `NaturalMachine/NamingIsNotAFunctionOfResemblance` | No invariant of the resemblance relation computes the naming (upamana): what both Nyaya and Dignaga need, and neither side's conclusion — the dispute left open |
notes/Nirhetukam_TheTheoremHasNoHypothesesSoTheFieldsThatStateItCannotSeeThatItIsOne.md	192	  flip. W3 and W4 are not done. Nothing here extends it.
notes/Nirhetukam_TheTheoremHasNoHypothesesSoTheFieldsThatStateItCannotSeeThatItIsOne.md	200	his. Everything marked MINE is owed a proof.*
notes/FINITE_HISTORY_TOTALIZATION.md	5	theory-history construction requested by Delta 25 remains open.
notes/FINITE_HISTORY_TOTALIZATION.md	132	Still open from T25.G: replace the discrete history category by a genuinely
notes/COPRIME_MERTENS.md	251	| L4 | `E2_PROOF.md` ledger after this note | **H2 closed** (both halves: the unverified literature error term is now bypassed by a proof, and U8's uniform shape is proved). **H3 (Hypothesis U), H4, H5, H6, H7 unchanged and still open.** |
notes/OBLIGATION_S7_MINCUT.md	4	(recorded there in "6–8. NOT DONE" and as §9 obligation 4). It builds the
notes/OBLIGATION_S7_MINCUT.md	102	openness grep (`NOT DONE|open obligation|conjecture|unattributed|not
notes/OBLIGATION_S7_MINCUT.md	196	  max-flow is left open.
notes/SIEVE_FIBER.md	265	  bridge to §4 remains open, as §8.5 says.]** Everything is $X=30$. The one theorem worth
notes/SIEVE_FIBER.md	424	### 8.5 What is still open — the bridge
notes/AVIK_JAIN_THE_NATURAL_MACHINE.md	262	That latest correction also explicitly says `svayam-avatarana` is owed the same dissolution into the wire. This does not make the earlier batch-gate episode false: the batch gate did catch unsolved metas, the landing shell did run, and the ledger still records what it did. What changed is the repository's present account of **where that capability belongs**. First the work said a repeated carrier ritual had become an organ. Then it decided that naming a separate organ was itself an unnecessary layer around operations already native to the core. The biographical fact is the sequence of corrections, not whichever architecture happens to be current at the final sentence.
notes/AVIK_JAIN_THE_NATURAL_MACHINE.md	306	The newest live `Nirjara` correction closes the question that the preceding cost discussion left open, but it closes it only inside the file’s declared little language. `UbhayaAnujna` is not “reversibility” in the abstract. It is a record for a transformation of `Prakriya` that preserves `artha` while making both `matra-p` and `guru` non-increasing. The file constructs `utsarga-ubhaya`: when a `yoga` joins a thing to itself, `utsarga-p` puts the compact `dvi` rule back and inhabits that two-coordinate licence. It separately proves `apavada-na-ubhayam`: the shedding/expansion map `apavada-p` cannot be the transformation of any inhabitant of that record. Meaning survives both descriptions; the **permission** supplied by these two declared costs is directional. The checked result therefore does not say that every equivalent presentation is equally admissible in both directions.
notes/FULL_READ_DRAW_11.md	202	— so this is not abandoned work; it is a pre-registration left open in the only
notes/FULL_READ_DRAW_11.md	661	filed, and the ledger left open.
notes/SakalaVikalaDesa_TheFibreIsTheLossAndAnEmptyFibreIsAvaktavyamNotNasti.md	30	hand and it is owed at verse level. The *kālādi-aṣṭaka* below is the one place
notes/SEED14_WIEFERICH_AUXILIARY_OBSTRUCTION.md	284	   correction term remains open and `PINNING`'s hybrid sensor still has only the
notes/SEED14_WIEFERICH_AUXILIARY_OBSTRUCTION.md	364	   still open, now with A1(3) as the cheap Fermat side to subtract from.
notes/ARCHIVE_FIDELITY_AUDIT.md	242	been one edit to move it into the body. **It was not done, and must not be.** §J is the
notes/OBLIGATION.md	406	## 6–8. NOT DONE — status, stated plainly
notes/OBLIGATION.md	446	  > unsearched and therefore unattributed. §7 and §8 are untouched and remain NOT DONE.
notes/OBLIGATION.md	471	  > graph is therefore still open; the corollary's number for the checkable
notes/DECODE_COST.md	165	  `LOCUS_MEMORY_FAMINE.md` seed 1 is still open and still load-bearing.
notes/AXIOM_GATE.md	188	  is `LEAN_LANE_AUDIT` §6's open item and is still open; it is the larger risk
notes/REGISTRY_DELETION_142bba1f.md	233	archivist's, and it is left open here.
notes/REGISTRY_DELETION_142bba1f.md	293	> left open here is in `notes/CLAIM_ID_AMBIGUITY.md`: `papers/` turns out to
notes/NATURALMACHINE_CLAIM_AUDIT.md	151	| 4 | Cost boundary: "makes no constant-cost claim... a costed execution edge remains open" (:50-54) | PROVED | Honest negative disclosure. Model prose — this is what ResidueTransport's cost section should have been (see §13). |
notes/RANK_THREE_MEMORY.md	121	Added after §1--§6, closing the residue they left open.
notes/MERGE_PLAN.md	350	   separation needed); the actual zeta estimate remains open. Keep both
notes/REFLECTION_FACTOR_ADJUDICATED.md	139	| R1 local $\mathrm{Rfn}$ | Turing's reflection progression | $\Pi^0_1$; **not** known complete for $\Pi^0_2$ — the problem Turing left open |
notes/VEC_INDEX_IS_THE_WARNING.md	176	The third, reconstruction, was the item this note left open, and its obstruction
notes/SEED68_REFEREEING_THE_REFEREE.md	57	and is already a theorem, so nothing is left open.** The seed's real content is
notes/SEPARATING_POINT_COLLAPSE.md	204	this; recorded here because the seed is still open in its own file, which does
notes/SEED19_CERTIFICATE_LEVELS.md	11	half it left open is the half that carries the interesting predicate.
notes/EXPLICIT_COMPILER_LOWER_BOUND.md	65	lower bound. Hence unrestricted arithmetic optimality remains open.
notes/SEED76_INDEX_LAW_WINDOW_AUDIT_AND_THE_TRANSCRIPT_SHIFT.md	57	whether the same correction is owed to `d_W`.
notes/SulbaSavisesa_TheCordRuleIsNamedByItsExcessAndThreeCommentatorsSayWhichRulesAreOnlyNearly.md	28	Bag, *The Śulbasūtras* (INSA, 1983)**; every commentarial reading here is owed
notes/SulbaSavisesa_TheCordRuleIsNamedByItsExcessAndThreeCommentatorsSayWhichRulesAreOnlyNearly.md	340	defend**. GRETIL flags this commentary as unproofread; the verses are owed at
notes/SulbaSavisesa_TheCordRuleIsNamedByItsExcessAndThreeCommentatorsSayWhichRulesAreOnlyNearly.md	400	## VIII. What I did not establish, and what is owed
notes/SulbaSavisesa_TheCordRuleIsNamedByItsExcessAndThreeCommentatorsSayWhichRulesAreOnlyNearly.md	405	  read it. All commentary quotations are owed at edition level.
notes/SulbaSavisesa_TheCordRuleIsNamedByItsExcessAndThreeCommentatorsSayWhichRulesAreOnlyNearly.md	412	  that and do not assert it. Their dates are owed.
notes/SulbaSavisesa_TheCordRuleIsNamedByItsExcessAndThreeCommentatorsSayWhichRulesAreOnlyNearly.md	432	- **Not done:** a row for `Anitya` in
notes/TRANSPORT_IS_NOT_A_COMPILER.md	117	  statement about Agda's evaluator and is not attempted.
notes/KAPPA.md	421	  trusted/solution statement equality remains open. The trusted statements
notes/SOURCES_ROHAN_PANDEY_KHOOMEIK.md	15	GPT-5-class models; joined Nov 2024) → left OpenAI (May 2025) to work on
notes/SOURCES_ROHAN_PANDEY_KHOOMEIK.md	102	  its error analysis owed — cited here as prior art only.
notes/ENDOGENOUS_HORIZON_AND_THE_F30_DIAGONAL.md	113	Bertrand or the infinitude of primes, is standard, and is the honest next step if
notes/DELTA25_THEOREM_LEDGER.md	19	| T25.C — co-Yoneda weave | `Pairfield.FiniteCoYonedaWeave` instantiates Mathlib's presheaf colimit-of-representables theorem on the walking arrow `Fin 2`, with `yoneda.obj target` as the chosen field. Separately, its hand-defined incidence quotient is equivalent as a type to `Hom(source,target)`; two distinct bare factorizations become equal after weaving and the quotient has no bare decoder. | **Finite density instantiation and source-level incidence quotient checked separately.** | The general density theorem is inherited, not reproved. No checked theorem identifies the hand quotient's injections with the Mathlib cocone legs or gives that quotient a corresponding cocone/universal property. The integrated coend realization remains open, as do higher/enriched EGB fields and the proposed project-wide global object. |
notes/DELTA25_THEOREM_LEDGER.md	24	| T25.H — prime-pair sections | `Pairfield.BoundedPrimePair` supplies the finite ordered leg-box ambient `p,q ≤ X`. `Pairfield.CenterBoundedPrimePair` now checks the even-sum centre-cutoff subtype inside `BoundedPrimePair (2*X)`, preserves nontrivial ordered exchange, proves even signed gap, functorial enlargement, and an equivalence of every complete old centre fibre across larger horizons. Controls `(3,17)` and `(2,3)` separate centre bounds from leg bounds and the integral sector from mixed parity. Both carriers are imported by the Lean aggregate; `PrimePairDecomposition` separately checks one real decomposition loss. | **Finite source-coordinate carrier and additive fibre stability checked; the four-view section/gluing equality remains open and presently ill-typed.** | This realizes Delta 24's centre cutoff and UP-D0025's integral `w,r` equations without proving any centre fibre inhabited. The older leg-box `weakenCenterFiber`/`weakenGapFiber` remain forward inclusions, despite “restriction” in their comments; stability is the new `centerPrimeFiberWeakenEquiv` on the centre-cutoff carrier. The Agda carrier, unary sieve, charge, spectral/Vandermonde, and Haskell optimizer still do not consume this same base. Common-origin local terms, view functors, overlap objects/maps and their naturality/descent equations remain absent. Numerics may falsify a declared candidate; they may not manufacture the section by scan. |
notes/ALREADY_ANSWERED.md	5	note pairs what I left open with the technical apparatus that settles it,
notes/ADVANCE_CONJUNCTS_DEFINED.md	618	  arguments along with everything else. That question is still open and still the owner's.
notes/ORACLE_BITS_ARE_NOT_THE_MIN_CUT.md	231	uncomputed here: §7 is NOT DONE and I did not do it.)
notes/ORACLE_BITS_ARE_NOT_THE_MIN_CUT.md	395	  `OBLIGATION.md`, still NOT DONE). No **MEASURED** claim appears in this
notes/ORACLE_BITS_ARE_NOT_THE_MIN_CUT.md	409	  `OBLIGATION.md` §7 remains NOT DONE. $|R|$ for this repository is unknown
notes/SMITH_NATIVE_CAPABILITY.md	69	The honest next joint is consequently a separately executable Lean or
notes/SEED47_CERTIFICATE_COMPLETENESS.md	300	**Corollary 4.2 (what is still open, stated so it cannot be mistaken for
notes/PunaruktiRatrau_TheLoopBoundThePathAndLandedOneStatementTwentyTwoTimes.md	109	## ५ · शेषः — what is not done here
notes/TWO_ADIC_CONFINEMENT.md	138	  `LOCUS_MEMORY_FAMINE.md` seed 1 remains open.
notes/TWO_ADIC_CONFINEMENT.md	148	   That would be the right unification, and I have not attempted it.
notes/PM_SECTION_VS_COCYCLE.md	78	Not done: state-dependent models, higher scenarios (Kochen–Specker in
notes/PM_SECTION_VS_COCYCLE.md	148	Still open, and stated in that file's header rather than hidden: the
notes/SEED01_STRONG_BLINDNESS_EQUALS_HEAD_DEPTH.md	197	not exist. Seed 2 should be **retired as ill-posed**, not left open. I am not
notes/SEED49_completeness_of_three_families.md	280	  are not the same two, and they are owed rather than guessed.
notes/SEED49_completeness_of_three_families.md	286	  by reading two notes; the sweep is not done.
notes/HEADER_CLAIM_AUDIT_2.md	264	`Controls`, `CoprimeSplitting` ("WHAT REMAINS OPEN", three items),
notes/FITTED_QUANTITY_AUDIT.md	222	**No numeral is wrong; no derivation is owed.** Filed as a presentation item, not a
notes/FITTED_QUANTITY_AUDIT.md	234	does not survive; the gap is an error-term artifact and no new arithmetic is owed.
notes/SEED55_REWRITE_HOLONOMY_IS_SIX_NOT_TWELVE.md	400	**Bound on what remains open.** The result is for the single instance
notes/Durnaya_TheTypedBoundarySpectrumIsAlreadyTheJainRefusalAndTheTheoremForItIsChecked.md	86	## ~~What is owed~~ — DISCHARGED WITHIN THE HOUR, AND THE ANSWER IS SHARPER THAN THE QUESTION
notes/Durnaya_TheTypedBoundarySpectrumIsAlreadyTheJainRefusalAndTheTheoremForItIsChecked.md	90	> lane, and that the honest next piece was a finite instance where two
notes/SEED36_TWO_PROJECTION_ALGEBRA_OF_A_LENS_PAIR.md	466	   > seed below is therefore still open for the **poset with its cost
notes/CROSS_LENS.md	154	   > `CROSS_LENS` §6 should be struck, not attempted", never applied here.)**
notes/CROSS_LENS.md	196	   and the re-derivation is owed.
notes/SEED50_REFEREE_REPORT.md	76	  untouched and remains open, with Corollary S1 as its first datum."*
notes/SEED20_FINITE_IDENTIFICATION.md	8	analysis you have not done," and as a *corollary* that a constant measured at
notes/SEED20_FINITE_IDENTIFICATION.md	367	  least-squares design matrix, but have not done the computation exactly.
notes/MULTIPLICATIVE_CONFINEMENT.md	100	So the honest statement of what I have and have not done:
notes/CENSUS_NAMED_THEOREMS.md	43	| 18 | **Theorem U1 / B1′** (WL structure, uniform) | WL observables factor through the blurred spectral measure with error window controlled at $\alpha=\tfrac12$ for $a=E,\Lambda,\mu,\lambda$ — with B2 **false as stated** (corrected B2′ demands every lower-arity layer at precision $\epsilon X^{-r/2}$) and the $d$ row struck (needs the functional equation). | `BARRIER_ERROR_WINDOW.md`, `BARRIER_SMOOTH_TERM.md`, `BARRIER_UNIFORM.md` | negative/near-law half: `formal/cubical/Asanna_TheNearIsNotTheEqualAndTheBarrierDiesInTheGap.agda` (checked); the analytic factorization half open | proved-with-strikes given RH; B2′ itself still open (`METHOD.md` §3.1) |
notes/CENSUS_NAMED_THEOREMS.md	66	| 35 | **Cakravāla turn cap** (conditional) | If Bhāskara's wheel reaches क्षेप $=1$ at all, it does so within $B^2$ turns ($B$ least with $4D<B^2$): the state box $m^2\le4D$, $k^2\le4D$ plus pigeonhole. Remaining gap to a checked cap: step determinism (solution set $=$ class of $-m$ needs the kuṭṭaka coprimality already produced elsewhere; tie-breaking in Bhāskara's rule). | `AvasthaBaddha_TheCakravalaStateBoxIsChecked.md`, `DosaLekha_TheCakravalaTurnCapIsNotABound.md` | state box + pigeonhole + self-propagation: `formal/cubical/GunakaKsepa_...agda`, `CakravalaBound.agda` (checked); determinism wiring **not** done | proved-in-part; **termination of the cakravāla itself remains open** (recorded in both notes); `Nalanda.hs`'s 400-turn cap shown not a bound (fails at $D=73516$) |
notes/CENSUS_NAMED_THEOREMS.md	70	| 38 | **Asanna near-law** | With equality relaxed to a tolerance, the WL obstruction survives iff the decoder respects the tolerance and the tolerance excludes the separation; near-blindness alone (with arbitrary $\Phi$) obstructs nothing (checked counterexample). Names the missing distinction in the WL definition: prove B2′ or add a modulus on $\Phi$. | `METHOD.md` §3.1 (2026-08-22 finding) | `formal/cubical/Asanna_...agda` (checked, wired into `Everything.agda`) | proved (the formal statements); the analytic barrier lemma remains open with its residue sharpened |
notes/RUNTIME.md	388	| `UNORIENTABLE` | re-orient. If **no** precedence on the signature orients the residual — checked exhaustively over all permutations — that is a result: beyond LPO, requirement named (completion modulo AC), not attempted |
notes/SapeksaNirapeksa_TheLossLevelIsNotAPropertyOfTheMapAndBothHalvesOfTheProposedCriterionAreRefuted.md	11	and are owed at verse level. **Nothing here is claimed to have been held by
notes/HEAD_DEPTH_MERGE.md	91	  exclusion, still open — `HEAD_DEPTH_BLINDNESS` seed 2); anything about
notes/LOCAL_UNIT_SIGNATURE_UNIFORMITY.md	298	   I have not attempted it.
notes/LOCAL_UNIT_SIGNATURE_UNIFORMITY.md	299	2. `PROVE`: seed 3 of `TWO_ADIC_CONFINEMENT.md` remains open and is untouched
notes/DELTA25_BRAID_COHERENCE_BOUNDARY.md	4	coherence question remains open.
notes/FLEET_BREAKER_PASS_2026_08_14.md	273	4. `SEARCH`, the one actually still open: whether the prime-pair measure has a
notes/TWO_SIDED_INDEX_N3.md	5	claim `two-sided-index-n3` in the core.  Answers the question left open
notes/GAMMA0_FLAG_INDEX.md	355	- **Not attempted:** the mixed-rank (R0037) analogue. There Stab²(D) has
notes/CANCELLATION_CONTEXTS_ARE_FLAGS.md	281	  `p`-adic tropicalization of `\mathcal A_n`) is not attempted here. Theorem
notes/HELLENIKON_The_Greek_Concordance_Of_The_Conservation_Vocabulary.md	38	| 6a | the fibre / what-is-hidden (positive concealed content) | अदृष्ट *adṛṣṭa* (the unseen); तन्तु *tantu* (the fibre); शेष *śeṣa* (the remainder) | **κρυπτόν / τὸ κρυπτόμενον** *kryptón / tò kryptómenon* | κρύπτω, "hide, conceal"; τὸ κρυπτόμενον, "that which is being hidden." adṛṣṭ­a = "the unseen" = what the observation map *cannot* see (sūtra 4, अदृष्टं तन्तुः). κρυπτόν captures that the content is **present but concealed by the cut** — not absent. It also carries the Pythagorean esoteric charge (τὰ κρυπτόμενα, the hidden doctrines reserved to the μαθηματικοί), which is apt: the fibre is the reserved interior. **Seam:** κρυπτόν names *hiddenness*, not the *fibration structure* `fiber f b`. No ancient Greek word names the mathematical object (a 20th-c. topological construction) — that identity is **OWED** (see λοιπόν §V). So: κρυπτόν ↔ adṛṣṭa is CLOSE-WITH-SEAM; κρυπτόν ↔ the fibre-*as-object* is OWED. | **CLOSE-WITH-SEAM** |
notes/HELLENIKON_The_Greek_Concordance_Of_The_Conservation_Vocabulary.md	127	## V · λοιπόν / शेषः — WHAT IS OWED (needs a checked bridge, not just etymology)
notes/HELLENIKON_The_Greek_Concordance_Of_The_Conservation_Vocabulary.md	152	   σύγκρισις→φθορά identity is owed.)
notes/NAME_TO_OBJECT_INDEX.md	295	a module-level cross-reference is owed) and a cross-corpus row.
notes/NAME_TO_OBJECT_INDEX.md	389	merge exists or is owed. The row exists so that a future grep for "Theorem U"
notes/DSO_DELTAS_26_27_FROM_INDEX.md	274	  files (not done here — shared checkout, no commit).
notes/SEED12_SYMMETRIC_REPAIR_UNIQUENESS_FAILS.md	184	once. What remains open, and is the honest replacement seed, is the *budgeted*
notes/SEED12_SYMMETRIC_REPAIR_UNIQUENESS_FAILS.md	368	   strike seed 3 of `LENS_REPAIR.md` with a pointer here. **[Still open. Not
notes/INDIC_FORMAL_TRADITIONS_MAP.md	390	text was fetchable from this container; the verse-level sourcing is owed, not
notes/INDIC_FORMAL_TRADITIONS_MAP.md	429	> gcd and Bézout together. Still NOT done, named there: only the iṣṭa
notes/INDIC_FORMAL_TRADITIONS_MAP.md	551	NOT done: 1.1.52–1.1.55 (which sound of the sthānin an ādeśa replaces), the
notes/INDIC_FORMAL_TRADITIONS_MAP.md	589	§1) as a theorem, exactly what a limitor-free ¬ cannot see. NOT done: the full
notes/INDIC_FORMAL_TRADITIONS_MAP.md	605	| `notes/KUTTAKA_SOLUTION_FAMILY.md` | **EARNED as prose**, with its own honest disclosure that verse-level sourcing is owed |
notes/INDIC_FORMAL_TRADITIONS_MAP.md	635	   is owed.
notes/INDIC_FORMAL_TRADITIONS_MAP.md	746	*"Still NOT done, named there: only the iṣṭa least-non-negative section
notes/INDIC_FORMAL_TRADITIONS_MAP.md	762	**Still open, narrowed:** the LEAST-NON-NEGATIVE property. Nothing there says
notes/INDIC_FORMAL_TRADITIONS_MAP.md	769	fetchable, the verse-level sourcing is owed and not claimed, and nothing above
notes/INDIC_FORMAL_TRADITIONS_MAP.md	873	ledger is not mine: *named and borrowed at the geometric-series root, with the
notes/INDIC_FORMAL_TRADITIONS_MAP.md	943	**I checked before claiming it was still open**, rather than assuming:
notes/SEED81_DECODED_AND_UNDECODED_REGISTERS.md	323	in that note is still open.** That is the trigger, and it is mechanically
notes/SEED81_DECODED_AND_UNDECODED_REGISTERS.md	487	> 3. **§7's census question is still open and the numbers have moved.** `ls notes/*.md |
notes/SEED10_BLINDNESS_TAPE.md	325	   > **Currency (SEED-93, Rule K1, 2026-08-14): still open, and the reason is
notes/SEED30_LOWER_BOUND_AUDIT.md	68	| 16 | "the parity barrier is a Positivstellensatz degree lower bound" | `notes/ATLAS.md` §5.8, `notes/ABHAVA.md` §4 | A model is *proposed* (`L(theta,k,X)`), none is fixed | **No, and none is claimed.** `notes/OPEN_PROBLEMS_WE_TOUCH.md` L9 grades it "PROPOSED. Not a theorem, not attempted" and calls it "the corpus's most inflatable sentence". I concur and add: the reason there is no theorem is exactly the audit's thesis — nobody has said what "degree" quantifies over when the axioms carry analytic error terms. Until the proof system is defined there is nothing to prove a lower bound *against*. |
notes/SEED30_LOWER_BOUND_AUDIT.md	294	same potential can be run in the chain model of row 2 is left open; I do not
notes/Sarvasthanam_ThePriceOfACutIsAFunctionOnAllPlacesAndTheDeterminantIsItsArchimedeanReceipt.md	199	  determine, and `WebFetch` was not attempted. **Absence of a located source is
notes/RANDOM_FRONTIER_SAMPLE_01.md	698	stands in for an error analysis you have not done." And note which side of the
notes/STRUCTURED_DEFECT_IS_THE_MACHINES_RESIDUAL.md	112	**Not done:** the loop does not yet *emit* these terms. The Rust binary computes
notes/DESCENT_ALONG_ONE_MAP_IS_UNOBSTRUCTED.md	142	  clause (2) fails needs `π₁(S¹)` and is not done. I believe it fails at
notes/FOUR_REPAIR_MODES.md	148	**The defect.** For a section $s$ of $\mathbb Z/b^{n+1}\to\mathbb Z/b^n$, the carry $c(u,v)=s(u)+s(v)-s(u+v)$ is a normalised 2-cocycle valued in $\ker=\mathbb Z/b$. The note records: the module proves $c$ cannot be made to vanish for **any** section, i.e. "no choice of digit set eliminates carrying", and that the identification $[c_n]\ne0$ in $H^2(\mathbb Z/b^n;\mathbb Z/b)$ **remains open** because cubical Agda has no $H^2$ of a cyclic group.
notes/E2B_PROOF.md	4	one gap `notes/E2_PROOF.md` left open in its Part 1, ledger row **G3**:
notes/KUTTAKA_SOLUTION_FAMILY.md	23	verse-level sourcing is owed, not claimed.
notes/WHITEPAPER_IMPLEMENTATION_AUDIT.md	117	| D8 | §17 step 3: "Implement one finite equivalence theory. Require checked identities, inverses, composition, laws, coherence, **acceptance, and revocation**" | CONFIRMED (still open) | `TransportInstance.agda`'s "WHAT IS DELIBERATELY NOT CLAIMED" concedes the acceptance/revocation half "is absent from this module and from the corpus". One structure, one property, one equivalence, hand-stated |
notes/CHANGED_DOMAIN_SEPARATION.md	142	   What remains open is the honest version: **is there any invariant strictly
notes/SEED43_KAPPA_RESOLVENT_POLES.md	27	note's authority (by SEED-100, in place); no further sweep edit is owed.
notes/THRESHOLD_GENERATION_N5_BOUNDARY.md	110	Explicitly still open or outside scope:
notes/SEED31_TORSORS_WITH_AND_WITHOUT_AN_ORIGIN.md	536	   (ii) left open and which §5.3 shows cannot be closed by the degree bound.
notes/SIXTEEN_MINDS_ONE_THEOREM.md	224	one case still open.
notes/CYCLOTOMIC_SENSOR.md	1193	This also closes a joint I left open in the previous section.  I noted there
notes/CYCLOTOMIC_SENSOR.md	1222	Part 2 is the honest answer to the question I left open, and it is a no-go of a
notes/CYCLOTOMIC_SENSOR.md	1496	  what order, is not settled here.
notes/PINNING.md	154	   $B\le300$: still zero failures. What remains open is exactly the
notes/HYBRID_STORE_ACCOUNTING.md	150	- `k` fixed; the growing-generator case is still open (`LOCUS_MEMORY_FAMINE.md`
notes/SEED28_HEIGHTS_ON_THE_CHAIN_FLOW.md	330	  packet's own obligation 3 says as much and is still open. Listing them in a
notes/BARRIER_LEVEL_SEPARATION.md	359	Two things this settles, both of which W6 left open.
notes/BARRIER_LEVEL_SEPARATION.md	645	| Y10 | What is not attempted | (i) Modelling and subtracting the level-$(k-1)$ arity-$1$ layer instead of annihilating it — the one route that could reopen finite separation of level $0$, and a new `PROVE` item; (ii) mixed dressings across the $k$ variables (exp18's $\Lambda\otimes\mu$), where the level formula becomes $\nu=\sum_i\nu_i$ and Theorem L1's collision law needs redoing per assignment; (iii) $a=d$, out of scope by H3/H4 and struck in `BARRIER_SMOOTH_TERM.md` §5.3 — **not readmitted here**. |
notes/GAUGE_OF_THE_FLEET.md	203	| G3 | §3's floor | Qualitative. No one has computed corpus diameter or the meet-over-paths cardinality (`OBLIGATION.md` §7, still NOT DONE), so the floor has no number. |
notes/Karani_TheSquaresAreTabulatedAndTheBookThatCarriesThemCameDownFromOneBrokenCopy.md	617	but **I have not done the syllable count and do not claim the reconciliation.**
notes/ABHAVA.md	259	| A6 | Prior art | Formal treatments of Navya-Nyāya absence in modern logic exist (Matilal, *The Navya-Nyāya Doctrine of Negation*, 1968, is the obvious one; Ganeri and Staal on the technical language). **Unsearched.** No novelty is claimed for §1–§2; the only thing offered as new is §2.1's use of the fourfold as a type system for an append-only knowledge store, and §3's average/forall reading. — **PRIOR-ART SWEEP 2026-08-14: searched, RESOLVED-FOUND, and it reaches further than §1–§2 — it reaches §2.1, the part this row reserved as new.** (Search-summary/śabda grade: `WebSearch` works, ~~`WebFetch` is EGRESS_BLOCKED, so nothing below was read in source.~~ **[seed141, 2026-08-14 — false, and it was the reason this row left its own question open; see the annotation at the end of the row.]** `WebFetch` is not egress-blocked here — `0730-seed129` §1 established that HTML renders and only PDFs fail to decode. The Matilal book is still unread in source and that half of the grade stands.) The obvious citation confirms exactly as guessed: B. K. Matilal, *The Navya-nyāya Doctrine of Negation: The Semantics and Ontology of Negative Statements in Navya-nyāya Philosophy*, Harvard University Press, 1968, xi+208, which "expounds Navya-nyāya theory by systematically translating its arguments into the language of Western logic". **But there is a located prior formalization lineage, and its most recent member is doing §2.1's job: arXiv:2605.12548, *Cubical Type Theoretic Navya-Nyāya*.** Its stated premise is that earlier formalizations — "first-order logic (Matilal), higher-order logic (Ganeri), and Martin-Löf type theory (Bhattacharyya)" — each lose load-bearing structure, and it names that structure as *dependent delimitation (avacchedaka), **typed absence (abhāva)**, non-extensional identity (tādātmya), and unbounded relational depth (paramparā-sambandha)*. **A typed treatment of abhāva in cubical type theory therefore exists in the literature, and §2.1's "fourfold as a type system" is not a first.** ~~Whether it coincides with §2.1's append-only-knowledge-store reading, or with §3's average/forall reading, I could not determine — the paper cannot be fetched, only its summary seen — and that comparison is the author's to make, not mine.~~ **[seed141, 2026-08-14 — decline expired, and discharged on the first of its two axes.]** The paper fetches. `arxiv.org/abs/2605.12548` renders (Mrityunjoy Panday, Sudipta Ghosh, *Cubical Type Theoretic Navya-Nyāya*) and `ar5iv.labs.arxiv.org/html/2605.12548` renders the full body through the references. On **§2.1's axis** it does *not* coincide: the paper's `padārtha` system is a **stratified universe hierarchy** with category-mixing prevention — a closed, typed store — not an append-only one, so §2.1's append-only reading survives as unlocated. Its treatment of absence is the classical fourfold datum, verbatim: *"Navya-Nyāya treats absence as a positive entity with structured data: `pratiyogin` (counter-correlate — the thing absent), `anuyogin` (correlate — the locus of the absence), `avacchedaka` on the `pratiyogin`, `sambandha` by which the `pratiyogin` would have been related to the `anuyogin` had the absence not held."* **Grade, stated narrowly:** the quoted sentence is verbatim off a rendering page; the "stratified, not append-only" determination is a *characterisation* of §4 returned by the fetch, not a quotation, so it is one grade below READ and a successor should confirm it at §4 before leaning on it. **§3's average/forall axis I did not test and it remains open.** Ganeri and Bhattacharyya are confirmed as real prior formalizers, correcting this row's "Ganeri and Staal on the technical language" to something stronger than a language note. Queries: *Matilal Navya-Nyaya doctrine of negation four types of absence abhāva formalization type theory Ganeri Staal*. Attribution status only; nothing in §1–§3 is weakened, strengthened, or restated. |
notes/ABHAVA.md	305	**What is owed, stated as an obligation and not discharged:** a comparison of
notes/SEED85_FORMAL_LANE_STATUS_WITHOUT_A_TOOLCHAIN.md	228	  defect, still open in exactly the file 0615 said was left. README also says
notes/SEED85_FORMAL_LANE_STATUS_WITHOUT_A_TOOLCHAIN.md	271	   *This closes 0467.* It is one diff and it is owed regardless of what any
notes/DESCENT_BOUNDARY_TWO_LENSES.md	554	**`WebFetch` was not attempted; it is EGRESS_BLOCKED on every host in this
notes/CACHE_RETENTION_SUBMODULARITY.md	58	algorithm; that remains open here.
notes/CLAUSE_ORDER_TRADE.md	475	  companion measurement and is not done.
notes/BOUNDARY_REPAIR_PRICED.md	294	and its price, the item `BOUNDARY_OPERATOR_TYPING.md` §6.6 left open; it does not adjudicate
notes/BOUNDARY_REPAIR_PRICED.md	463	   obligation on $\rho$ and is left open; §3.1 offers a candidate with its price, not a verdict.
notes/INDEX_ONE_TAIL_LEMMA.md	361	  remains open and is now sharpened into O7a–O7d.
notes/UNIFIED_CONFINEMENT_INDEX.md	18	two. That would be the right unification, and I have not attempted it.* Here it
notes/UNIFIED_CONFINEMENT_INDEX.md	142	  `LOCUS_MEMORY_FAMINE.md` seed 1 remains open, now addressed outward.
notes/UNIFIED_CONFINEMENT_INDEX.md	150	   `Z/M` and not just `Z/p^k`. I expect this is routine and have not done it.
notes/CANONICAL_DEPTH_MEMORY.md	149	2. **PROVE** — still open from my last session and still unclaimed as far as I
notes/SEED69_EVIDENCE_DISCIPLINE.md	476	  per SEED-18 §5, still open).
notes/INNOVATION_ACCELERATION_CALCULUS.md	170	remains open.
notes/CHARGE_TOWER_MONODROMY.md	246	**Stated, not proved, and deliberately not attempted:** any inverse limit.
notes/ARYABHATIYA_THE_TEXT_IN_ITS_OWN_ORDER.md	192	still opens with an invocation.
notes/DISTINCTION_CARRIES_WITNESSES.md	15	congruence**. Nothing further is owed to T20.1.
notes/SEED33_CONSTRUCTIVE_KUTTAKA.md	162	the *infinitude* of Wieferich or non-Wieferich primes, which remains open and
notes/THEOREM_E_HAS_NO_FIELD_OF_DEFINITION.md	38	What was left open is the *exhibition* half, and it turns on where the
notes/FILLABILITY_AS_SUCCESS.md	289	   *Partially discharged, 2026-08-15, in `formal/cubical/NaturalMachine/ArityOfRepair.agda` (checked, `--safe`, no postulates).* Three answers, all as terms: (i) arity **within the same input type** never helps — an $n$-ary operation on structural presentations is refuted for every $n$ by diagonal application (`no-nary-bilateral`); (ii) a **heterogeneous** binary operation, taking the presentation together with a construction, does exist and is sound and tight (`binary-heterogeneous-works`), so the line really is arity and not impossibility; (iii) but *any* such operation's second argument must already separate data of equal presentation and unequal magnitude (`second-argument-separates`) — the formal form of §5.2's "the filler would have to be the proof". What remains open is whether a corpus operation of that shape exists that is not simply a pair of theorems.
notes/AvasthaBaddha_TheCakravalaStateBoxIsChecked.md	18	1768. It is open in this repository and it is still open after this note.
notes/AvasthaBaddha_TheCakravalaStateBoxIsChecked.md	87	   than assuming. Wiring that here is mechanical and **is not done**, and
notes/AvasthaBaddha_TheCakravalaStateBoxIsChecked.md	165	## 8 · What remains open
notes/DosaLekha_TheCakravalaTurnCapIsNotABound.md	28	> **TERMINATION IS STILL OPEN.** A bound on |k| is not termination. What the
notes/DosaLekha_TheCakravalaTurnCapIsNotABound.md	123	## 5 · What remains open
notes/SHARP_CAGE_DOES_NOT_MAKE_DEGREE_TEN_TRACTABLE.md	75	- Item 5 of `CROSS_LENS` §6 should be struck, not attempted. Re-running F4–F9
notes/CHANGING_TESTS_VERSUS_SHRINKING.md	529	  would then need the comparison to be pulled back along $f_a$, and I have not done
notes/CHANGING_TESTS_VERSUS_SHRINKING.md	535	  larger class. I have not done it and do not claim it.
notes/AUDIT_ARCHIVIST_2026_08_13.md	289	reading (`WalkStream.agda:38–41`): *"What is not done here is the induction
notes/ENGINE.md	19	| requirements named and not attempted | 64 |
notes/NATURAL_MACHINE_SELF_IMPROVES_WITH_NOBODY_IN_THE_LOOP.md	236	port is owed.
notes/YUKTIBHASA_THE_SERIES_KEEPS_ITS_REMAINDER.md	255	- **Verse- and passage-level citations are owed throughout §§II–III** and
notes/LEAN_LANE_AUDIT.md	328	### 7d. Not done
notes/NATIVE_DECIDE_AUDIT.md	304	  is `LEAN_LANE_AUDIT` §6's open item and remains open.
notes/SEED61_TRANSFER_OPERATOR_BEHIND_THE_GROWTH_SERIES.md	397	  > word length. What remains open is only SEED-74 ledger item 12: whether the
notes/SEED61_TRANSFER_OPERATOR_BEHIND_THE_GROWTH_SERIES.md	438	| 10 | $Z_G$ specialises to Ihara–Bass | ~~**CONJECTURE** (§7.2), not attempted~~ → **SETTLED by SEED-74** (2026-08-14; recorded by SEED-108): false literally (Thm 2, $\chi\neq0$ obstruction at $u=1$), true for the *completed* zeta in the torsion-free case ($\widehat Z_{F_r}=Z_{B_r}$, Thm 1); correct home is Bass/Hashimoto, not Ihara-of-a-graph (Thm 3) |
notes/PYTHAGOREAN_EUCLIDEAN_MACHINE.md	288	## 13. Completion remains open
notes/RAY_COUNT_INVARIANT.md	113	   is a general audit I have not done.
notes/ACTION_RESIDUAL_FORMATION.md	250	Equation (15) is the proof-compilation event the one-step theorem left open.
notes/OFFDIAGONAL_NO_GO_UNIQUENESS.md	113	a paper-only proof. Existence (the Thue–Morse function itself) left open. See
notes/ANYATKARANA_TheOtherCarrierAtTheWire.md	117	Repair is four lines in `kSabha…`'s two handlers. Not done here: that is the
notes/ETERNAL_GOLDEN_BRAID_DELTA25.md	82	- `SEARCH` the original full EGB artifact (Delta 24 §19.A, still open).
notes/NATIVE_WITNESS_COST.md	125	expanding each product state only once remains open.
notes/NATIVE_WITNESS_COST.md	283	gate, but extracting the reverse traversal into `Policy` still remains open.
notes/DELTA17_SPLIT_TORUS_AUDIT.md	164	- **§17.21's obstruction question.** Left open, correctly.
notes/DosaLekha_TheCrystalEngineDuplicatesCheckedTermsAndTheDefectIsNowPriced.md	10	the end separates what stands from what is owed.
notes/DosaLekha_TheCrystalEngineDuplicatesCheckedTermsAndTheDefectIsNowPriced.md	60	  and a pointer added to `machinery/crystal/README.md` is owed.
notes/ENERGY_CONSTANT_EXACT.md	375	| EC11 | What remains open | The separation hypothesis (P), as `DPP.md`/`DCLOSE_NO_GO.md` already own it, and the certified evaluation of EC7. Rank-2 is discharged in the sense the triage demanded — the constant no longer hides behind the open hypothesis — but $c$ itself is conditional on (P) and is **not** the constant P4 needs. |
notes/TRUTH_GATE_AUDIT.md	37	  "OPTIONS pragma only allowed at beginning of file, before top module
notes/SELECTION_RETAINS_WHAT_VALUE_FORGETS.md	554	connect them either, and that remains open (§7).
notes/AUDIT_WEIL_INDEX_ONE.md	7	stands in for an error analysis you have not done").
notes/AUDIT_WEIL_INDEX_ONE.md	559	and cannot be discharged from this environment.** It remains open, and it is
notes/SEED22_PSEUDO_QUESTIONS.md	436	that could be derived; here, a norm was *left open* that could be derived. The
notes/PAIR_FIELD_NATURAL_BOUNDARY.md	263	smooth coefficient, not a pointwise limit*". The same sentence is owed to the
notes/HITTING_TIME.md	181	   have not attempted it.
notes/AGDA_COVERAGE_LEDGER.md	224	   **The sub-item is still open**: the diameter-≤-10 minimality sweep
notes/AGDA_COVERAGE_LEDGER.md	270	   the larger half. What remains open is the translation bookkeeping of
notes/THE_AUDIT_THAT_CITED_SUTNER_AND_NOT_THE_PULVERISER.md	122	They were written by agents in this repository too, and the honest next
notes/THE_BARRIER_BELONGS_TO_THE_LINE.md	376	§10 left open whether a `⊕`-stepping machine — one using the operation
notes/THE_BARRIER_BELONGS_TO_THE_LINE.md	771	Three classes eliminated, one identified, the magnitude still open. That is
notes/D0026_COMPARISON_MAPS.md	9	retained residue. Where a verdict would need a proof not done here, it is a
notes/D0026_COMPARISON_MAPS.md	504	with polarities `A ↦ A^⊥ ↦ A^{⊥⊥}`; "**The comparison remains open.** The
notes/D0026_COMPARISON_MAPS.md	576	fragment is the named residue and remains open, deliberately, on both sides.
notes/FULL_READ_DRAW_10.md	85	quantifier over powerset categories is left open. The 06:36 entry does supply the
notes/FULL_READ_DRAW_10.md	752	  a citation or a derivation is owed, not the citation.
notes/INDRA_CROSS.md	591	   inference from the cache contents, and the re-derivation is owed by
notes/HEADER_CLAIM_AUDIT.md	261	## 4. Understatements, and one judgement call left open
notes/SURVIVING_LADDER_FRAGMENT.md	163	which is the question the mandate asks and which that note left open (its §7 item 4, "Unexamined").
notes/SEED09_BASIN_NERODE.md	123	This answers the note's rigor boundary in the negative direction it left open:
notes/L3_SDP.md	323	   (DSIDE §3.4). L1 remains open but its target statement is now sharpened.
notes/I_NEARLY_LIFTED_A_REST_TO_BUILD_SOMETHING_I_HAD_ALREADY_BUILT.md	73	> MODELLED … and is the only part of §36–38's 'for every order' still open."
notes/I_NEARLY_LIFTED_A_REST_TO_BUILD_SOMETHING_I_HAD_ALREADY_BUILT.md	85	`swap` and `trans` with a membership index, which is NOT done." So the module
notes/SEED87_THE_RULE_THAT_CLOSES_THE_CURVE.md	621	    a false "still open".
notes/SEED06_CHAIN_LAW_QUALITATIVE_FLOW.md	405	   condition, and I have not done it.~~ **Closed by this note's own Theorem C(1)
notes/LAGHAVA_COST_IS_NOT_A_UNIVALENT_INVARIANT.md	312	Not shown, and the honest next thing: that any two nayas *actually arising
notes/LAGHAVA_COST_IS_NOT_A_UNIVALENT_INVARIANT.md	543	**Also not done.** `nirnaya` handles two offers. Paribhāṣā 38 ranks five
notes/VARGAPRAKRTI_THE_REACTOR_TAKES_THE_LAW_AS_A_PARAMETER.md	186	verified working here. **It is not done in this commit**, because those are
notes/DRIFT_EXPONENT_EXACT.md	224	not attempted here.
notes/CROSSREVIEW_OCTIC_V2.md	616	  libc. Independent hardware/toolchain replication is not done.
notes/BARRIER_UNIFORM.md	280	| U6 | Prop. B3′(b)'s $\epsilon$ | Left abstract. Connecting it to Theorem K0's $O((\delta L)^{2p-1})$ requires matching normalisations between the two notes; not done. |
notes/ARITHMETIC_LIFE_DIAGONAL_ROUTE_TRICHOTOMY.md	73	remains open.
notes/ARITHMETIC_LIFE_DIAGONAL_ROUTE_TRICHOTOMY.md	198	> ~~Minimal word length for the fixed certificate remains open.~~
notes/ORDINAL_LADDER_SMALLNESS.md	306	$\kappa$ open has left open exactly the large-cardinal axiom it needs. That is the finding of §3, and
notes/DECIDE_STATEMENT_SWEEP.md	11	This closes, on a stated subset, the item `NATIVE_DECIDE_AUDIT` §7 left open:
notes/DECIDE_STATEMENT_SWEEP.md	16	> `LEAN_LANE_AUDIT` §6's open item and remains open."
notes/DECIDE_STATEMENT_SWEEP.md	151	**What Stage B did not cover, and so what remains open:** 66 decide-proved
notes/SEED77_BLOCKS_POSTCONDITION.md	238	| Cataloguing `raw/D0015-…` in `collab/upstream/catalog.jsonl` (SEED-69 Rule 4 disposition (a)) | Out of mandate, and it is an archive-schema change that should be made by whoever owns `catalog.jsonl`'s format, in one pass with the `hole` and `issuances` fields. Flagged, not done. |
notes/LaghavaYantra_SpecificationToEfficientProgramIsAWeldOfFiveExistingOrgans.md	74	design, not done. The tradition claims: लाघव as the grammarians'
notes/SEED21_CHECK_CAPACITY_IS_AN_INDEX.md	351	   coordinate box, in every rank, with no `Γ₀`-point count. What remains open is
notes/Ksepa_TheMixedPairFieldPassesItsInvariantAndCannotIterateSoItIsNotBhavana.md	405	*Not done:* I did not enumerate which of the ~675 scripts are cited as the
notes/Setu_TheImportGraphIsAStarOnAFoundationTrioAndTheLongestChainIsTheTraditionsThread.md	11	cashes the invitation README movement 3 left open: *"The corpus can compute
notes/reflection_stream.md	1612	**[6] Owner:** "everything you think that is owed is actually written in the repo in same language or the other you really just need to do basic translation it's indras net"
notes/SEED17_VERIFICATION_OF_SEED01.md	459	  > only to be marked closed. Still open from that lane: SEED-66 seeds 2
notes/KUTTAKA_JIVA_DECISIONLESS_PULVERIZER.md	159	  Still open (tagged `PROVE`): whether the three honesty faces (lossless /
notes/EXPOSED_SET.md	14	claim was left open.
notes/EIGENMEASURE.md	225	| Frantzikinakis (1611.09338) | **log** | *Conditional dichotomy, ergodic case:* if some/any log-limit of $\lambda$ is ergodic, then log Chowla (all orders) holds, i.e. that limit is Bernoulli($\frac12$). Ergodicity of $\lambda$'s limits remains open. |
notes/EIGENMEASURE.md	519	relaxed category. What remains open — and what the program's question
notes/EIGENMEASURE.md	742	R0011 remains open and invited.
notes/CARRIER_JOIN.md	624	  (Landau-type criteria) is owed before any external claim.
notes/SEED18_UPSTREAM_DIRECTIVE_INVENTORY.md	140	about whether it was being followed at the time it was repeated.
notes/SEED18_UPSTREAM_DIRECTIVE_INVENTORY.md	231	happened. The directive is the program's stated economics and is still open.
notes/SEED18_UPSTREAM_DIRECTIVE_INVENTORY.md	648	identified, still open four days later. Every other divergence found is a
notes/SAMASA_MERU_TERMINATION_FINDING.md	10	Only the arbitrary-part-set meru (three or more part sizes) remains open.
notes/FULL_READ_DRAW_8.md	208	still open.)
notes/FULL_READ_DRAW_8.md	805	  they are offered as the reason a citation or an argument is owed, not as the
notes/AnulomaSetu_TheDirectedEdgesWalkedByHandAndTheCausalSectorMeasured.md	419	## ६ · Counts, and what was NOT done
notes/AnulomaSetu_TheDirectedEdgesWalkedByHandAndTheCausalSectorMeasured.md	437	**(iii) was not attempted.** Computing a gluing defect `dim(im B ∩ ker A)`
notes/BhavanaDhruva_TheConservedObservableIsAMonoidMapAndTheProductFormulaIsAnAnalogyNotAStructure.md	140	identity that `(u₁, −u₂)` inverts `(u₁, u₂)` under समासभावना. Close and not done.
notes/SamagraDarsana_THE_LATEST_COMPLETE_VIEW_DEVELOPING_READ_THIS_FIRST.md	881	  rule that makes the ordering load-bearing, so it was not done.
notes/DELTA14_PROGRAMS_72_73.md	177	**Judged out of reach and not attempted.** Delta 14 T14.12 asserts
notes/SEED59_EMPTY_MEET_OBSTRUCTION.md	353	> the two families at `|C| = 7` remains open and is not settled here.
